Marque,MODEL,Type de Carburant,Transmission,Consommation Urbaine (L/100 km),Consommation Autoroute (L/100 km),Consommation Mixte (L/100 km),Emissions CO2 (g/km),Puissance Fiscale (CV),Puissance Moteur,Catégorie de Véhicule,Cylindrée (L),Cylindres,masse orde marche min,masse orde marche max
VOLKSWAGEN,LUPO 3L TDI,GO,A 5,3.6,2.7,3.0,81,3,45.0,,,,,
VOLKSWAGEN,LUPO 3L TDI,GO,A 5,3.6,2.7,3.0,81,3,45.0,,,,,
VOLKSWAGEN,LUPO 3L TDI,GO,A 5,3.8,2.8,3.2,86,3,45.0,,,,,
VOLKSWAGEN,LUPO 3L TDI,GO,A 5,4.0,2.7,3.2,86,3,45.0,,,,,
VOLKSWAGEN,LUPO 3L TDI,GO,A 5,3.8,2.8,3.2,86,3,45.0,,,,,
VOLKSWAGEN,LUPO 3L TDI,GO,A 5,4.0,2.7,3.2,86,3,45.0,,,,,
VOLKSWAGEN,LUPO 3L TDI,GO,A 5,4.2,2.8,3.3,88,3,45.0,,,,,
VOLKSWAGEN,LUPO 3L TDI,GO,A 5,4.2,2.8,3.3,88,3,45.0,,,,,
SMART,SMART CDI,GO,M 6,3.9,3.1,3.4,90,3,30.0,,,,,
SMART,SMART CDI BVA,GO,M 6,3.9,3.1,3.4,90,3,30.0,,,,,
SMART,SMART CDI CABRIOLET,GO,M 6,3.9,3.1,3.4,90,3,30.0,,,,,
SMART,SMART CDI CABRIOLET BVA,GO,M 6,3.9,3.1,3.4,90,3,30.0,,,,,
PEUGEOT,2063P 1.4HDi,GO,M 5,5.5,3.6,4.3,113,4,50.0,,,,,
PEUGEOT,2065P 1.4HDi,GO,M 5,5.5,3.6,4.3,113,4,50.0,,,,,
RENAULT,CLIO 3P 1.5dCi,GO,M 5,5.3,3.7,4.2,113,4,60.0,,,,,
RENAULT,CLIO 5P 1.5dCi,GO,M 5,5.3,3.7,4.2,113,4,60.0,,,,,
RENAULT,CLIO 3P 1.5dCi,GO,M 5,5.4,3.7,4.3,115,4,48.0,,,,,
RENAULT,CLIO 5P 1.5dCi,GO,M 5,5.4,3.7,4.3,115,4,48.0,,,,,
AUDI,A21.4TDI (75ch),GO,M 5,5.6,3.5,4.3,116,4,55.0,,,,,
AUDI,A21.4TDI (75ch),GO,M 5,5.6,3.5,4.3,116,4,55.0,,,,,
VOLKSWAGEN,LUPO TDI (75ch),GO,M 5,5.6,3.5,4.3,116,4,55.0,,,,,
AUDI,A21.4TDI (75ch),GO,M 5,5.7,3.6,4.4,119,4,55.0,,,,,
AUDI,A21.4TDI (75ch),GO,M 5,5.7,3.6,4.4,119,4,55.0,,,,,
OPEL,ASTRA 3P 1.7DTI 16V ECO4,GO,M 5,6.0,3.5,4.4,119,4,55.0,,,,,
OPEL,ASTRA 5P 1.7DTI 16V ECO4,GO,M 5,6.0,3.5,4.4,119,4,55.0,,,,,
SEAT,AROSA 1.4TDI,GO,M 5,5.7,3.6,4.4,119,4,55.0,,,,,
SEAT,AROSA 1.7SDI,GO,M 5,5.9,3.6,4.4,119,4,44.0,,,,,
SEAT,AROSA 1.7SDI,GO,M 5,5.9,3.6,4.4,119,4,44.0,,,,,
SEAT,AROSA 1.7SDI,GO,M 5,5.9,3.6,4.4,119,4,44.0,,,,,
SEAT,AROSA 1.7SDI,GO,M 5,5.9,3.6,4.4,119,4,44.0,,,,,
VOLKSWAGEN,LUPO SDI,GO,M 5,5.9,3.6,4.4,119,4,44.0,,,,,
VOLKSWAGEN,LUPO SDI,GO,M 5,5.9,3.6,4.4,119,4,44.0,,,,,
VOLKSWAGEN,LUPO TDI (75ch),GO,M 5,5.7,3.6,4.4,119,4,55.0,,,,,
VOLKSWAGEN,POLO TDI (75ch),GO,M 5,5.7,3.6,4.4,119,4,55.0,,,,,
PEUGEOT,2063P 2.0HDi,GO,M 5,5.8,3.8,4.5,120,5,66.0,,,,,
PEUGEOT,2065P 2.0HDi,GO,M 5,5.8,3.8,4.5,120,5,66.0,,,,,
PEUGEOT,3073P 1.4HDi,GO,M 5,5.5,4.0,4.5,120,4,50.0,,,,,
PEUGEOT,3075P 1.4HDi,GO,M 5,5.5,4.0,4.5,120,4,50.0,,,,,
VOLKSWAGEN,POLO TDI (75ch),GO,M 5,5.8,3.7,4.5,120,4,55.0,,,,,
MERCEDES-BENZ,A 160 CDI,GO,M 5,6.0,4.1,4.8,127,4,55.0,,,,,
MERCEDES-BENZ,A 160 CDI,GO,M 5,6.0,4.1,4.8,127,4,55.0,,,,,
OPEL,CORSA 3P 1.7DI 16V,GO,M 5,5.8,4.1,4.7,127,4,48.0,,,,,
OPEL,CORSA 3P 1.7DI 16V CLIM,GO,M 5,5.8,4.1,4.7,127,4,48.0,,,,,
OPEL,CORSA 3P 1.7DTI 16V CLIM,GO,M 5,5.8,4.1,4.7,127,4,55.0,,,,,
OPEL,CORSA 5P 1.7DI 16V,GO,M 5,5.8,4.1,4.7,127,4,48.0,,,,,
OPEL,CORSA 5P 1.7DI 16V CLIM,GO,M 5,5.8,4.1,4.7,127,4,48.0,,,,,
OPEL,CORSA 5P 1.7DTI 16V CLIM,GO,M 5,5.8,4.1,4.7,127,4,55.0,,,,,
FIAT,PUNTO 3P JTD,GO,M 5,6.6,4.0,4.9,130,5,59.0,,,,,
FIAT,PUNTO 3P JTD,GO,M 5,6.6,4.0,4.9,130,5,59.0,,,,,
FIAT,PUNTO 5P JTD,GO,M 5,6.6,4.0,4.9,130,5,59.0,,,,,
FIAT,PUNTO 5P JTD,GO,M 5,6.6,4.0,4.9,130,5,59.0,,,,,
OPEL,ASTRA 3P 1.7DTI 16V CLIM,GO,M 5,6.1,4.0,4.8,130,5,55.0,,,,,
OPEL,ASTRA 5P 1.7DTI 16V CLIM,GO,M 5,6.1,4.0,4.8,130,5,55.0,,,,,
VOLKSWAGEN,POLO SDI,GO,M 5,6.3,3.9,4.8,130,4,47.0,,,,,
VOLKSWAGEN,POLO SDI,GO,M 5,6.4,3.9,4.8,130,4,47.0,,,,,
AUDI,A33P 1.9TDI (90ch),GO,M 5,6.5,4.1,4.9,132,5,66.0,,,,,
OPEL,ASTRA BREAK 1.7DTI 16V CLIM,GO,M 5,6.2,4.1,4.9,132,5,55.0,,,,,
SEAT,CORDOBA 2P TDI (110ch),GO,M 5,6.4,4.0,4.9,132,6,81.0,,,,,
SEAT,CORDOBA TDI (110ch),GO,M 5,6.4,4.0,4.9,132,6,81.0,,,,,
SEAT,IBIZA 3P TDI (110ch),GO,M 5,6.4,4.0,4.9,132,6,81.0,,,,,
SEAT,IBIZA 5P TDI (110ch),GO,M 5,6.4,4.0,4.9,132,6,81.0,,,,,
SKODA,FABIA 1.9SDI (64ch),GO,M 5,6.3,4.1,4.9,132,4,47.0,,,,,
SKODA,FABIA 1.9TDI (100ch),GO,M 5,6.4,4.0,4.9,132,6,74.0,,,,,
SKODA,FABIA COMBI 1.9SDI (64ch),GO,M 5,6.3,4.1,4.9,132,4,47.0,,,,,
SKODA,FABIA SEDAN 1.9SDI (64ch) Classic,GO,M 5,6.3,4.1,4.9,132,4,47.0,,,,,
VOLKSWAGEN,GOLF PACK TDI (110ch),GO,M 5,6.5,4.0,4.9,132,6,81.0,,,,,
VOLKSWAGEN,GOLF PACK TDI (90ch),GO,M 5,6.5,4.1,4.9,132,5,66.0,,,,,
VOLKSWAGEN,GOLF PACK TDI (90ch),GO,M 5,6.5,4.1,4.9,132,5,66.0,,,,,
NISSAN,MICRA 3P 1.5D,GO,M 5,6.4,4.2,5.0,133,4,42.0,,,,,
NISSAN,MICRA 3P 1.5D,GO,M 5,6.4,4.2,5.0,133,4,42.0,,,,,
NISSAN,MICRA 3P 1.5L,GO,M 5,6.4,4.2,5.0,133,4,42.0,,,,,
NISSAN,MICRA 5P 1.5D,GO,M 5,6.4,4.2,5.0,133,4,42.0,,,,,
NISSAN,MICRA 5P 1.5D,GO,M 5,6.4,4.2,5.0,133,4,42.0,,,,,
NISSAN,MICRA 5P 1.5D,GO,M 5,6.4,4.2,5.0,133,4,42.0,,,,,
FORD,FOCUS 4P 1.8TDdi,GO,M 5,6.8,4.1,5.1,134,5,55.0,,,,,
FORD,FOCUS BREAK 1.8TDdi,GO,M 5,6.8,4.1,5.1,134,5,55.0,,,,,
FORD,FOCUS BREAK 1.8TDdi,GO,M 5,6.8,4.1,5.1,134,5,55.0,,,,,
AUDI,A33P 1.9TDI (101ch),GO,M 5,6.5,4.2,5.0,135,6,74.0,,,,,
AUDI,A33P 1.9TDI (110ch),GO,M 5,6.6,4.1,5.0,135,6,81.0,,,,,
AUDI,A33P 1.9TDI (90ch),GO,M 5,6.6,4.2,5.0,135,5,66.0,,,,,
AUDI,A35P 1.9TDI (110ch),GO,M 5,6.6,4.1,5.0,135,6,81.0,,,,,
AUDI,A35P 1.9TDI (90ch),GO,M 5,6.6,4.2,5.0,135,5,66.0,,,,,
FORD,FOCUS 5P 1.8TDdi,GO,M 5,6.8,4.1,5.1,135,5,55.0,,,,,
FORD,FOCUS COUPE 1.8TDdi,GO,M 5,6.8,4.1,5.1,135,5,55.0,,,,,
SEAT,CORDOBA 2P TDI (90ch),GO,M 5,6.4,4.1,5.0,135,5,66.0,,,,,
SEAT,CORDOBA 2P TDI (90ch),GO,M 5,6.4,4.1,5.0,135,5,66.0,,,,,
SEAT,CORDOBA TDI (110ch),GO,M 5,6.5,4.1,5.0,135,6,81.0,,,,,
SEAT,CORDOBA TDI (90ch),GO,M 5,6.4,4.1,5.0,135,5,66.0,,,,,
SEAT,CORDOBA TDI (90ch),GO,M 5,6.4,4.1,5.0,135,5,66.0,,,,,
SEAT,IBIZA 3P 1.9SDI,GO,M 5,6.7,4.0,5.0,135,4,50.0,,,,,
SEAT,IBIZA 3P TDI (90ch),GO,M 5,6.5,4.2,5.0,135,5,66.0,,,,,
SEAT,IBIZA 3P TDI (90ch),GO,M 5,6.4,4.1,5.0,135,5,66.0,,,,,
SEAT,IBIZA 5P TDI (90ch),GO,M 5,6.5,4.2,5.0,135,5,66.0,,,,,
SEAT,IBIZA 5P TDI (90ch),GO,M 5,6.4,4.1,5.0,135,5,66.0,,,,,
SEAT,LEON 1900 TDI (90ch),GO,M 5,6.6,4.2,5.0,135,5,66.0,,,,,
SEAT,LEON TDI (110ch),GO,M 5,6.6,4.1,5.0,135,6,81.0,,,,,
SEAT,LEON TDI (110ch),GO,M 5,6.6,4.1,5.0,135,6,81.0,,,,,
SEAT,TOLEDO TDI (110ch),GO,M 5,6.6,4.1,5.0,135,6,81.0,,,,,
SEAT,TOLEDO TDI (110ch),GO,M 5,6.6,4.1,5.0,135,6,81.0,,,,,
SEAT,TOLEDO TDI (90ch),GO,M 5,6.6,4.2,5.0,135,5,66.0,,,,,
SKODA,FABIA COMBI 1.9TDI (100ch),GO,M 5,6.5,4.1,5.0,135,6,74.0,,,,,
SKODA,FABIA SEDAN 1.9TDI (100ch) Elegance,GO,M 5,6.5,4.1,5.0,135,6,74.0,,,,,
SKODA,OCTAVIA 1.9TDI (110ch),GO,M 5,6.6,4.1,5.0,135,6,81.0,,,,,
SKODA,OCTAVIA 1.9TDI (90ch),GO,M 5,6.6,4.2,5.0,135,5,66.0,,,,,
SKODA,OCTAVIA COMBI 1.9TDI (110ch),GO,M 5,6.6,4.1,5.0,135,6,81.0,,,,,
SKODA,OCTAVIA COMBI 1.9TDI (90ch),GO,M 5,6.6,4.2,5.0,135,5,66.0,,,,,
VOLKSWAGEN,BORA PACK TDI (110ch),GO,M 5,6.6,4.1,5.0,135,6,81.0,,,,,
VOLKSWAGEN,GOLF BREAK TDI (110ch),GO,M 5,6.6,4.1,5.0,135,6,81.0,,,,,
VOLKSWAGEN,GOLF BREAK TDI (90ch),GO,M 5,6.6,4.2,5.0,135,5,66.0,,,,,
VOLKSWAGEN,GOLF BREAK TDI (90ch),GO,M 5,6.6,4.2,5.0,135,5,66.0,,,,,
VOLKSWAGEN,GOLF PACK TDI (110ch),GO,M 5,6.6,4.1,5.0,135,6,81.0,,,,,
VOLKSWAGEN,GOLF PACK TDI (110ch),GO,M 5,6.6,4.1,5.0,135,6,81.0,,,,,
VOLKSWAGEN,GOLF PACK TDI (90ch),GO,M 5,6.6,4.2,5.0,135,5,66.0,,,,,
VOLKSWAGEN,GOLF PACK TDI (90ch),GO,M 5,6.6,4.2,5.0,135,5,66.0,,,,,
VOLKSWAGEN,GOLF PACK TDI (90ch),GO,M 5,6.6,4.2,5.0,135,5,66.0,,,,,
VOLKSWAGEN,GOLF PACK TDI (90ch),GO,M 5,6.6,4.2,5.0,135,5,66.0,,,,,
FORD,FIESTA 3P 1.8TDdi,GO,M 5,6.5,4.2,5.0,136,5,55.0,,,,,
FORD,FIESTA 5P 1.8TDdi,GO,M 5,6.5,4.2,5.0,136,5,55.0,,,,,
FORD,FOCUS 4P 1.8TDdi,GO,M 5,6.8,4.2,5.2,136,5,55.0,,,,,
MAZDA,1215P 1.8DiTD,GO,M 5,6.5,4.2,5.0,136,5,55.0,,,,,
PEUGEOT,2063P 2.0HDi,GO,M 5,6.6,4.1,5.0,136,5,66.0,,,,,
PEUGEOT,2065P 2.0HDi,GO,M 5,6.6,4.1,5.0,136,5,66.0,,,,,
FORD,FOCUS 5P 1.8TDdi,GO,M 5,6.8,4.2,5.2,137,5,55.0,,,,,
FORD,FOCUS BREAK 1.8TDdi,GO,M 5,6.8,4.2,5.2,137,5,55.0,,,,,
FORD,FOCUS BREAK 1.8TDdi,GO,M 5,6.8,4.2,5.2,137,5,55.0,,,,,
FORD,FOCUS COUPE 1.8TDdi,GO,M 5,6.8,4.2,5.2,137,5,55.0,,,,,
AUDI,A33P 1.9TDI (101ch),GO,M 5,6.6,4.3,5.1,138,6,74.0,,,,,
AUDI,A35P 1.9TDI (101ch),GO,M 5,6.6,4.3,5.1,138,6,74.0,,,,,
CITROEN,SAXO 3P 1.5D,GO,M 5,6.8,4.3,5.2,138,4,42.0,,,,,
CITROEN,SAXO 5P 1.5D,GO,M 5,6.8,4.3,5.2,138,4,42.0,,,,,
CITROEN,XSARA 3P 2.0HDi,GO,M 5,7.0,4.2,5.2,138,6,80.0,,,,,
CITROEN,XSARA 5P 2.0HDi,GO,M 5,7.0,4.2,5.2,138,6,80.0,,,,,
PEUGEOT,1063P 1.5D,GO,M 5,6.8,4.3,5.2,138,4,42.0,,,,,
PEUGEOT,1065P 1.5D,GO,M 5,6.8,4.3,5.2,138,4,42.0,,,,,
PEUGEOT,3073P 2.0HDi,GO,M 5,6.9,4.3,5.2,138,5,66.0,,,,,
PEUGEOT,3073P 2.0HDi FAP,GO,M 5,7.0,4.2,5.2,138,6,79.0,,,,,
PEUGEOT,3075P 2.0HDi,GO,M 5,6.9,4.3,5.2,138,5,66.0,,,,,
PEUGEOT,3075P 2.0HDi FAP,GO,M 5,7.0,4.2,5.2,138,6,79.0,,,,,
SEAT,CORDOBA SDI,GO,M 5,6.8,4.1,5.1,138,4,50.0,,,,,
SEAT,CORDOBA VARIO TDI (110ch),GO,M 5,6.6,4.2,5.1,138,6,81.0,,,,,
SEAT,IBIZA 3P 1.9SDI,GO,M 5,6.8,4.1,5.1,138,4,50.0,,,,,
SEAT,IBIZA 5P 1.9SDI,GO,M 5,6.8,4.1,5.1,138,4,50.0,,,,,
VOLKSWAGEN,BORA TDI (100ch),GO,M 5,6.6,4.3,5.1,138,6,74.0,,,,,
VOLKSWAGEN,BORA TDI (115ch),GO,M 6,6.9,4.2,5.1,138,6,85.0,,,,,
VOLKSWAGEN,BORA TDI (115ch),GO,M 6,6.9,4.2,5.1,138,6,85.0,,,,,
VOLKSWAGEN,BORA TDI (115ch),GO,M 6,6.9,4.2,5.1,138,6,85.0,,,,,
VOLKSWAGEN,BORA TDI (115ch),GO,M 6,6.9,4.2,5.1,138,6,85.0,,,,,
VOLKSWAGEN,GOLF SDI,GO,M 5,6.9,4.2,5.1,138,4,50.0,,,,,
VOLKSWAGEN,GOLF SDI,GO,M 5,6.9,4.2,5.1,138,4,50.0,,,,,
VOLKSWAGEN,GOLF TDI (100ch),GO,M 5,6.6,4.3,5.1,138,6,74.0,,,,,
VOLKSWAGEN,GOLF TDI (100ch),GO,M 5,6.6,4.3,5.1,138,6,74.0,,,,,
VOLKSWAGEN,GOLF TDI (115ch),GO,M 6,6.9,4.2,5.1,138,6,85.0,,,,,
VOLKSWAGEN,GOLF TDI (115ch),GO,M 6,6.9,4.2,5.1,138,6,85.0,,,,,
VOLKSWAGEN,GOLF TDI (115ch),GO,M 6,6.9,4.2,5.1,138,6,85.0,,,,,
VOLKSWAGEN,GOLF TDI (115ch),GO,M 6,6.9,4.2,5.1,138,6,85.0,,,,,
VOLKSWAGEN,GOLF TDI (115ch),GO,M 6,6.9,4.2,5.1,138,6,85.0,,,,,
VOLKSWAGEN,GOLF TDI (115ch),GO,M 6,6.9,4.2,5.1,138,6,85.0,,,,,
VOLKSWAGEN,GOLF TDI (115ch),GO,M 6,6.9,4.2,5.1,138,6,85.0,,,,,
VOLKSWAGEN,GOLF TDI (115ch),GO,M 6,6.9,4.2,5.1,138,6,85.0,,,,,
MERCEDES-BENZ,A 170 CDI,GO,M 5,6.8,4.4,5.2,139,6,70.0,,,,,
MERCEDES-BENZ,A 170 CDI,GO,M 5,6.8,4.4,5.2,139,6,70.0,,,,,
MERCEDES-BENZ,A 170 CDI FAMILY,GO,M 5,6.8,4.4,5.2,139,6,70.0,,,,,
MERCEDES-BENZ,A 170 CDI FAMILY,GO,M 5,6.8,4.4,5.2,139,6,70.0,,,,,
RENAULT,CLIO 3P 1.9dTi CLIM,GO,M 5,6.7,4.3,5.2,139,5,59.0,,,,,
RENAULT,CLIO 5P 1.9dTi CLIM,GO,M 5,6.7,4.3,5.2,139,5,59.0,,,,,
RENAULT,MEGANE BERLINE 1.9dCi,GO,M 5,6.8,4.4,5.2,139,6,75.0,,,,,
RENAULT,MEGANE CLASSIC 1.9dCi,GO,M 5,6.8,4.4,5.2,139,6,75.0,,,,,
RENAULT,MEGANE COUPE 1.9dCi,GO,M 5,6.8,4.4,5.2,139,6,75.0,,,,,
AUDI,A33P 1.9TDI (130ch) BV6,GO,M 6,7.0,4.3,5.2,140,7,96.0,,,,,
AUDI,A35P 1.9TDI (130ch) BV6,GO,M 6,7.0,4.3,5.2,140,7,96.0,,,,,
FIAT,STILO 3P 1.9JTD (115ch),GO,M 5,7.2,4.2,5.3,140,6,85.0,,,,,
NISSAN,MICRA 3P 1.5D,GO,M 5,6.8,4.3,5.2,140,4,42.0,,,,,
NISSAN,MICRA 3P 1.5D,GO,M 5,6.8,4.3,5.2,140,4,42.0,,,,,
NISSAN,MICRA 3P 1.5D,GO,M 5,6.8,4.3,5.2,140,4,42.0,,,,,
NISSAN,MICRA 5P 1.5D,GO,M 5,6.8,4.3,5.2,140,4,42.0,,,,,
NISSAN,MICRA 5P 1.5D,GO,M 5,6.8,4.3,5.2,140,4,42.0,,,,,
NISSAN,MICRA 5P 1.5D,GO,M 5,6.8,4.3,5.2,140,4,42.0,,,,,
SEAT,CORDOBA VARIO SDI,GO,M 5,6.9,4.2,5.2,140,5,50.0,,,,,
SEAT,CORDOBA VARIO TDI (90ch),GO,M 5,6.6,4.3,5.2,140,5,66.0,,,,,
SEAT,CORDOBA VARIO TDI (90ch),GO,M 5,6.6,4.3,5.2,140,5,66.0,,,,,
SEAT,LEON 1900 SDI,GO,M 5,7.0,4.3,5.2,140,5,50.0,,,,,
SEAT,LEON TDI (110ch),GO,M 5,6.8,4.3,5.2,140,6,81.0,,,,,
SEAT,TOLEDO TDI (110ch),GO,M 5,6.8,4.3,5.2,140,6,81.0,,,,,
VOLKSWAGEN,BORA PACK TDI (110ch),GO,M 5,6.8,4.3,5.2,140,6,81.0,,,,,
VOLKSWAGEN,BORA TDI (100ch),GO,M 5,6.8,4.3,5.2,140,6,74.0,,,,,
VOLKSWAGEN,BORA TDI (130ch),GO,M 6,7.0,4.3,5.2,140,7,96.0,,,,,
VOLKSWAGEN,BORA TDI (130ch),GO,M 6,7.0,4.3,5.2,140,7,96.0,,,,,
VOLKSWAGEN,GOLF BREAK SDI,GO,M 5,7.0,4.3,5.2,140,5,50.0,,,,,
VOLKSWAGEN,GOLF BREAK TDI (110ch),GO,M 5,6.8,4.3,5.2,140,6,81.0,,,,,
VOLKSWAGEN,GOLF BREAK TDI (90ch),GO,M 5,6.8,4.3,5.2,140,5,66.0,,,,,
VOLKSWAGEN,GOLF BREAK TDI (90ch),GO,M 5,6.8,4.3,5.2,140,5,66.0,,,,,
VOLKSWAGEN,GOLF PACK TDI (110ch),GO,M 5,6.8,4.3,5.2,140,6,81.0,,,,,
VOLKSWAGEN,GOLF PACK TDI (110ch),GO,M 5,6.8,4.3,5.2,140,6,81.0,,,,,
VOLKSWAGEN,GOLF PACK TDI (90ch),GO,M 5,6.8,4.3,5.2,140,5,66.0,,,,,
VOLKSWAGEN,GOLF PACK TDI (90ch),GO,M 5,6.8,4.3,5.2,140,5,66.0,,,,,
VOLKSWAGEN,GOLF PACK TDI (90ch),GO,M 5,6.8,4.3,5.2,140,5,66.0,,,,,
VOLKSWAGEN,GOLF PACK TDI (90ch),GO,M 5,6.8,4.3,5.2,140,5,66.0,,,,,
VOLKSWAGEN,GOLF SDI,GO,M 5,7.0,4.3,5.2,140,5,50.0,,,,,
VOLKSWAGEN,GOLF SDI,GO,M 5,7.0,4.3,5.2,140,5,50.0,,,,,
VOLKSWAGEN,GOLF TDI (100ch),GO,M 5,6.8,4.3,5.2,140,6,74.0,,,,,
VOLKSWAGEN,GOLF TDI (100ch),GO,M 5,6.8,4.3,5.2,140,6,74.0,,,,,
VOLKSWAGEN,GOLF TDI (130ch),GO,M 6,7.0,4.3,5.2,140,7,96.0,,,,,
VOLKSWAGEN,GOLF TDI (130ch),GO,M 6,7.0,4.3,5.2,140,7,96.0,,,,,
VOLKSWAGEN,GOLF TDI (130ch),GO,M 6,7.0,4.3,5.2,140,7,96.0,,,,,
VOLKSWAGEN,GOLF TDI (130ch),GO,M 6,7.0,4.3,5.2,140,7,96.0,,,,,
VOLKSWAGEN,NEWBEETLE TDI (90ch),GO,M 5,6.8,4.3,5.2,140,5,66.0,,,,,
CITROEN,XSARA 3P 2.0HDi,GO,M 5,7.3,4.2,5.4,141,5,66.0,,,,,
CITROEN,XSARA 5P 2.0HDi,GO,M 5,7.3,4.2,5.4,141,5,66.0,,,,,
CITROEN,XSARA BREAK 2.0HDi,GO,M 5,7.1,4.3,5.3,141,6,80.0,,,,,
PEUGEOT,3063P 2.0HDi,GO,M 5,7.2,4.3,5.4,141,5,66.0,,,,,
PEUGEOT,3064P 2.0HDi,GO,M 5,7.2,4.3,5.4,141,5,66.0,,,,,
PEUGEOT,3065P 2.0HDi,GO,M 5,7.2,4.3,5.4,141,5,66.0,,,,,
PEUGEOT,306BREAK 2.0HDi,GO,M 5,7.2,4.3,5.4,141,5,66.0,,,,,
FORD,FOCUS 4P 1.8TDdi,GO,M 5,7.2,4.4,5.4,142,5,66.0,,,,,
FORD,FOCUS 4P 1.8TDdi,GO,M 5,7.2,4.4,5.4,142,6,85.0,,,,,
VOLVO,S401.9D (103ch),GO,M 5,7.4,4.3,5.4,142,6,75.0,,,,,
VOLVO,S401.9D (115ch),GO,M 5,7.4,4.3,5.4,142,6,85.0,,,,,
VOLVO,V401.9D (103ch),GO,M 5,7.4,4.3,5.4,142,6,75.0,,,,,
VOLVO,V401.9D (115ch),GO,M 5,7.4,4.3,5.4,142,6,85.0,,,,,
FIAT,BRAVO JTD,GO,M 5,7.2,4.4,5.4,143,6,74.0,,,,,
FIAT,BRAVO JTD 100,GO,M 5,7.2,4.4,5.4,143,6,74.0,,,,,
FIAT,STILO 1.9JTD (115ch),GO,M 5,7.4,4.3,5.4,143,7,85.0,,,,,
FORD,FOCUS 5P 1.8TDdi,GO,M 5,7.2,4.4,5.4,143,5,66.0,,,,,
FORD,FOCUS 5P 1.8TDdi,GO,M 5,7.2,4.4,5.4,143,7,85.0,,,,,
FORD,FOCUS BREAK 1.8TDdi,GO,M 5,7.2,4.4,5.4,143,5,66.0,,,,,
FORD,FOCUS BREAK 1.8TDdi,GO,M 5,7.2,4.4,5.4,143,5,66.0,,,,,
FORD,FOCUS BREAK 1.8TDdi,GO,M 5,7.2,4.4,5.4,143,7,85.0,,,,,
FORD,FOCUS COUPE 1.8TDdi,GO,M 5,7.2,4.4,5.4,143,5,66.0,,,,,
FORD,FOCUS COUPE 1.8TDdi,GO,M 5,7.2,4.4,5.4,143,7,85.0,,,,,
RENAULT,MEGANE BREAK 1.9dCi,GO,M 5,7.2,4.4,5.4,143,6,75.0,,,,,
SEAT,CORDOBA VARIO SDI,GO,M 5,7.0,4.3,5.3,143,5,50.0,,,,,
SEAT,LEON 1900 SDI,GO,M 5,7.1,4.4,5.3,143,5,50.0,,,,,
VOLKSWAGEN,BORA BREAK TDI (100ch),GO,M 5,6.8,4.4,5.3,143,6,74.0,,,,,
VOLKSWAGEN,BORA BREAK TDI (115ch),GO,M 6,7.0,4.4,5.3,143,7,85.0,,,,,
VOLKSWAGEN,BORA BREAK TDI (115ch),GO,M 6,7.0,4.4,5.3,143,7,85.0,,,,,
VOLKSWAGEN,BORA BREAK TDI (115ch),GO,M 6,7.0,4.4,5.3,143,7,85.0,,,,,
VOLKSWAGEN,BORA BREAK TDI (115ch),GO,M 6,7.0,4.4,5.3,143,7,85.0,,,,,
VOLKSWAGEN,BORA TDI (100ch),GO,M 5,6.8,4.4,5.3,143,6,74.0,,,,,
VOLKSWAGEN,BORA TDI (115ch),GO,M 6,7.0,4.4,5.3,143,7,85.0,,,,,
VOLKSWAGEN,BORA TDI (115ch),GO,M 6,7.0,4.4,5.3,143,7,85.0,,,,,
VOLKSWAGEN,BORA TDI (115ch),GO,M 6,7.0,4.4,5.3,143,7,85.0,,,,,
VOLKSWAGEN,BORA TDI (115ch),GO,M 6,7.0,4.4,5.3,143,7,85.0,,,,,
VOLKSWAGEN,GOLF BREAK SDI,GO,M 5,7.1,4.4,5.3,143,5,50.0,,,,,
VOLKSWAGEN,GOLF BREAK TDI (110ch),GO,M 5,6.9,4.4,5.3,143,6,81.0,,,,,
VOLKSWAGEN,GOLF BREAK TDI (90ch),GO,M 5,6.9,4.4,5.3,143,5,66.0,,,,,
VOLKSWAGEN,GOLF BREAK TDI (90ch),GO,M 5,6.9,4.4,5.3,143,5,66.0,,,,,
VOLKSWAGEN,GOLF SDI,GO,M 5,7.1,4.4,5.3,143,5,50.0,,,,,
VOLKSWAGEN,GOLF SPORT PLUS TDI (150ch),GO,M 6,7.1,4.3,5.3,143,8,110.0,,,,,
VOLKSWAGEN,GOLF SPORT PLUS TDI (150ch),GO,M 6,7.1,4.3,5.3,143,8,110.0,,,,,
VOLKSWAGEN,GOLF SPORT PLUS TDI (150ch),GO,M 6,7.1,4.3,5.3,143,8,110.0,,,,,
VOLKSWAGEN,GOLF SPORT PLUS TDI (150ch),GO,M 6,7.1,4.3,5.3,143,8,110.0,,,,,
VOLKSWAGEN,GOLF TDI (100ch),GO,M 5,6.8,4.4,5.3,143,6,74.0,,,,,
VOLKSWAGEN,GOLF TDI (100ch),GO,M 5,6.8,4.4,5.3,143,6,74.0,,,,,
VOLKSWAGEN,GOLF TDI (115ch),GO,M 6,7.0,4.4,5.3,143,7,85.0,,,,,
VOLKSWAGEN,GOLF TDI (115ch),GO,M 6,7.0,4.4,5.3,143,7,85.0,,,,,
VOLKSWAGEN,GOLF TDI (115ch),GO,M 6,7.0,4.4,5.3,143,7,85.0,,,,,
VOLKSWAGEN,GOLF TDI (115ch),GO,M 6,7.0,4.4,5.3,143,7,85.0,,,,,
VOLKSWAGEN,GOLF TDI (115ch),GO,M 6,7.0,4.4,5.3,143,7,85.0,,,,,
VOLKSWAGEN,GOLF TDI (115ch),GO,M 6,7.0,4.4,5.3,143,7,85.0,,,,,
VOLKSWAGEN,GOLF TDI (115ch),GO,M 6,7.0,4.4,5.3,143,7,85.0,,,,,
VOLKSWAGEN,GOLF TDI (115ch),GO,M 6,7.0,4.4,5.3,143,7,85.0,,,,,
VOLKSWAGEN,NEWBEETLE TDI (90ch),GO,M 5,6.9,4.4,5.3,143,5,66.0,,,,,
CITROEN,XSARA BREAK 2.0HDi,GO,M 5,7.5,4.3,5.5,144,5,66.0,,,,,
FORD,FIESTA 3P 1.8TDdi,GO,M 5,7.0,4.3,5.3,144,5,55.0,,,,,
FORD,FIESTA 5P 1.8TDdi,GO,M 5,7.0,4.3,5.3,144,5,55.0,,,,,
FORD,FOCUS 4P 1.8TDdi,GO,M 5,7.2,4.4,5.4,144,5,66.0,,,,,
FORD,FOCUS 4P 1.8TDdi,GO,M 5,7.2,4.4,5.4,144,7,85.0,,,,,
PEUGEOT,2063P 1.9D,GO,M 5,7.4,4.4,5.5,144,5,51.0,,,,,
PEUGEOT,2063P 2.0HDi SPORT,GO,M 5,6.9,4.4,5.3,144,5,66.0,,,,,
PEUGEOT,2065P 1.9D,GO,M 5,7.4,4.4,5.5,144,5,51.0,,,,,
RENAULT,LAGUNA 1.9dCi (100ch),GO,M 5,7.2,4.4,5.4,144,6,74.0,,,,,
FORD,FOCUS 4P 1.8TDdi,GO,M 5,7.3,4.5,5.5,145,5,66.0,,,,,
FORD,FOCUS 4P 1.8TDdi,GO,M 5,7.3,4.5,5.5,145,7,85.0,,,,,
FORD,FOCUS 5P 1.8TDdi,GO,M 5,7.2,4.5,5.5,145,5,66.0,,,,,
FORD,FOCUS 5P 1.8TDdi,GO,M 5,7.2,4.5,5.5,145,7,85.0,,,,,
FORD,FOCUS BREAK 1.8TDdi,GO,M 5,7.2,4.5,5.5,145,5,66.0,,,,,
FORD,FOCUS BREAK 1.8TDdi,GO,M 5,7.2,4.5,5.5,145,5,66.0,,,,,
FORD,FOCUS BREAK 1.8TDdi,GO,M 5,7.2,4.5,5.5,145,7,85.0,,,,,
FORD,FOCUS COUPE 1.8TDdi,GO,M 5,7.2,4.5,5.5,145,5,66.0,,,,,
FORD,FOCUS COUPE 1.8TDdi,GO,M 5,7.2,4.5,5.5,145,7,85.0,,,,,
RENAULT,MEGANE BERLINE 1.9dTi,GO,M 5,7.2,4.5,5.5,145,5,59.0,,,,,
RENAULT,MEGANE CLASSIC 1.9dTi,GO,M 5,7.2,4.5,5.5,145,5,59.0,,,,,
AUDI,A33P 1.9TDI (130ch) BV6,GO,M 6,7.1,4.5,5.4,146,7,96.0,,,,,
AUDI,A35P 1.9TDI (130ch) BV6,GO,M 6,7.1,4.5,5.4,146,7,96.0,,,,,
AUDI,A41.9TDI (101ch),GO,M 5,7.0,4.5,5.4,146,6,74.0,,,,,
FIAT,BRAVA JTD,GO,M 5,7.3,4.5,5.5,146,6,74.0,,,,,
FIAT,MAREA WEEKEND JTD,GO,M 5,7.2,4.5,5.5,146,6,81.0,,,,,
FIAT,MAREA WEEKEND JTD,GO,M 5,7.2,4.5,5.5,146,6,81.0,,,,,
MITSUBISHI,CARISMA 1.9DI-D (102ch),GO,M 5,7.3,4.5,5.5,146,6,75.0,,,,,
MITSUBISHI,CARISMA 1.9DI-D (115ch),GO,M 5,7.3,4.5,5.5,146,7,85.0,,,,,
MITSUBISHI,SPACE STAR 1.9DI-D,GO,M 5,7.2,4.6,5.5,146,6,75.0,,,,,
MITSUBISHI,SPACE STAR 1.9DI-D COMFORT,GO,M 5,7.2,4.6,5.5,146,6,75.0,,,,,
PEUGEOT,3063P 2.0HDi SPORT,GO,M 5,7.5,4.5,5.6,146,5,66.0,,,,,
PEUGEOT,3065P 2.0HDi SPORT,GO,M 5,7.5,4.5,5.6,146,5,66.0,,,,,
SEAT,LEON SPORT 1900 TDI (150ch),GO,M 6,7.2,4.4,5.4,146,8,110.0,,,,,
SEAT,TOLEDO TDI (150ch),GO,M 6,7.2,4.4,5.4,146,8,110.0,,,,,
SEAT,TOLEDO TDI (150ch),GO,M 6,7.2,4.4,5.4,146,8,110.0,,,,,
VOLKSWAGEN,BORA BREAK TDI (100ch),GO,M 5,6.9,4.5,5.4,146,6,74.0,,,,,
VOLKSWAGEN,BORA BREAK TDI (100ch),GO,M 5,7.0,4.4,5.4,146,6,74.0,,,,,
VOLKSWAGEN,BORA BREAK TDI (115ch),GO,M 6,7.1,4.5,5.4,146,7,85.0,,,,,
VOLKSWAGEN,BORA BREAK TDI (115ch),GO,M 6,7.1,4.5,5.4,146,7,85.0,,,,,
VOLKSWAGEN,BORA BREAK TDI (115ch),GO,M 6,7.1,4.5,5.4,146,7,85.0,,,,,
VOLKSWAGEN,BORA BREAK TDI (115ch),GO,M 6,7.1,4.5,5.4,146,7,85.0,,,,,
VOLKSWAGEN,BORA BREAK TDI (130ch),GO,M 6,7.1,4.5,5.4,146,7,96.0,,,,,
VOLKSWAGEN,BORA BREAK TDI (130ch),GO,M 6,7.1,4.5,5.4,146,7,96.0,,,,,
VOLKSWAGEN,BORA BREAK TDI (150ch),GO,M 6,7.2,4.4,5.4,146,8,110.0,,,,,
VOLKSWAGEN,BORA BREAK TDI (150ch),GO,M 6,7.2,4.4,5.4,146,8,110.0,,,,,
VOLKSWAGEN,BORA TDI (100ch),GO,M 5,7.0,4.4,5.4,146,6,74.0,,,,,
VOLKSWAGEN,BORA TDI (115ch),GO,M 6,7.1,4.5,5.4,146,7,85.0,,,,,
VOLKSWAGEN,BORA TDI (115ch),GO,M 6,7.1,4.5,5.4,146,7,85.0,,,,,
VOLKSWAGEN,BORA TDI (115ch),GO,M 6,7.1,4.5,5.4,146,7,85.0,,,,,
VOLKSWAGEN,BORA TDI (115ch),GO,M 6,7.1,4.5,5.4,146,7,85.0,,,,,
VOLKSWAGEN,BORA TDI (130ch),GO,M 6,7.1,4.5,5.4,146,7,96.0,,,,,
VOLKSWAGEN,BORA TDI (130ch),GO,M 6,7.1,4.5,5.4,146,7,96.0,,,,,
VOLKSWAGEN,BORA TDI (150ch),GO,M 6,7.2,4.4,5.4,146,8,110.0,,,,,
VOLKSWAGEN,BORA TDI (150ch),GO,M 6,7.2,4.4,5.4,146,8,110.0,,,,,
VOLKSWAGEN,GOLF BREAK SDI,GO,M 5,7.2,4.5,5.4,146,5,50.0,,,,,
VOLKSWAGEN,GOLF SPORT PLUS TDI (150ch),GO,M 6,7.2,4.4,5.4,146,8,110.0,,,,,
VOLKSWAGEN,GOLF SPORT PLUS TDI (150ch),GO,M 6,7.2,4.4,5.4,146,8,110.0,,,,,
VOLKSWAGEN,GOLF SPORT PLUS TDI (150ch),GO,M 6,7.2,4.4,5.4,146,8,110.0,,,,,
VOLKSWAGEN,GOLF SPORT PLUS TDI (150ch),GO,M 6,7.2,4.4,5.4,146,8,110.0,,,,,
VOLKSWAGEN,GOLF TDI (100ch),GO,M 5,7.0,4.4,5.4,146,6,74.0,,,,,
VOLKSWAGEN,GOLF TDI (100ch),GO,M 5,7.0,4.4,5.4,146,6,74.0,,,,,
VOLKSWAGEN,GOLF TDI (130ch),GO,M 6,7.1,4.5,5.4,146,7,96.0,,,,,
VOLKSWAGEN,GOLF TDI (130ch),GO,M 6,7.1,4.5,5.4,146,7,96.0,,,,,
VOLKSWAGEN,GOLF TDI (130ch),GO,M 6,7.1,4.5,5.4,146,7,96.0,,,,,
VOLKSWAGEN,GOLF TDI (130ch),GO,M 6,7.1,4.5,5.4,146,7,96.0,,,,,
VOLKSWAGEN,PASSAT TDI (100ch),GO,M 5,7.0,4.5,5.4,146,6,74.0,,,,,
VOLKSWAGEN,PASSAT TDI (100ch),GO,M 5,7.0,4.5,5.4,146,6,74.0,,,,,
CITROEN,C52.0HDi,GO,M 5,7.4,4.6,5.6,147,6,80.0,,,,,
CITROEN,XSARA PICASSO 2.0HDi,GO,M 5,7.0,4.6,5.5,147,5,66.0,,,,,
FORD,FOCUS 5P 1.8TDdi,GO,M 5,7.3,4.6,5.6,147,5,66.0,,,,,
FORD,FOCUS 5P 1.8TDdi,GO,M 5,7.3,4.6,5.6,147,7,85.0,,,,,
FORD,FOCUS BREAK 1.8TDdi,GO,M 5,7.3,4.6,5.6,147,5,66.0,,,,,
FORD,FOCUS BREAK 1.8TDdi,GO,M 5,7.3,4.6,5.6,147,5,66.0,,,,,
FORD,FOCUS BREAK 1.8TDdi,GO,M 5,7.3,4.6,5.6,147,7,85.0,,,,,
FORD,FOCUS COUPE 1.8TDdi,GO,M 5,7.3,4.6,5.6,147,5,66.0,,,,,
FORD,FOCUS COUPE 1.8TDdi,GO,M 5,7.3,4.6,5.6,147,7,85.0,,,,,
PEUGEOT,4062.0HDi (110ch),GO,M 5,7.5,4.5,5.6,147,6,80.0,,,,,
BMW,320d BERLINE,GO,M 5,7.6,4.4,5.5,148,8,110.0,,,,,
BMW,320d BERLINE BVA,GO,M 5,7.6,4.4,5.5,148,7,97.0,,,,,
BMW,320td COMPACT,GO,M 5,7.6,4.4,5.5,148,8,110.0,,,,,
BMW,320td COMPACT BVA,GO,M 5,7.6,4.4,5.5,148,7,97.0,,,,,
RENAULT,MEGANE BREAK 1.9dTi,GO,M 5,7.3,4.6,5.6,148,5,59.0,,,,,
AUDI,A41.9TDI (101ch),GO,M 5,7.1,4.6,5.5,149,6,74.0,,,,,
BMW,318d BERLINE,GO,M 5,7.4,4.5,5.6,149,7,85.0,,,,,
CITROEN,C5BREAK 2.0HDi,GO,M 5,7.6,4.6,5.7,149,6,80.0,,,,,
PEUGEOT,406BREAK 2.0HDi (110ch),GO,M 5,7.5,4.6,5.7,149,6,80.0,,,,,
PEUGEOT,406FAMILIALE 2.0HDi (110ch),GO,M 5,7.5,4.6,5.7,149,6,80.0,,,,,
VOLKSWAGEN,BORA BREAK TDI (100ch),GO,M 5,7.1,4.5,5.5,149,6,74.0,,,,,
VOLKSWAGEN,BORA BREAK TDI (130ch),GO,M 6,7.2,4.6,5.5,149,7,96.0,,,,,
VOLKSWAGEN,BORA BREAK TDI (130ch),GO,M 6,7.2,4.6,5.5,149,7,96.0,,,,,
VOLKSWAGEN,BORA BREAK TDI (150ch),GO,M 6,7.3,4.5,5.5,149,8,110.0,,,,,
VOLKSWAGEN,BORA BREAK TDI (150ch),GO,M 6,7.3,4.5,5.5,149,8,110.0,,,,,
VOLKSWAGEN,BORA TDI (130ch),GO,M 6,7.2,4.6,5.5,149,7,96.0,,,,,
VOLKSWAGEN,BORA TDI (130ch),GO,M 6,7.2,4.6,5.5,149,7,96.0,,,,,
VOLKSWAGEN,BORA TDI (150ch),GO,M 6,7.3,4.5,5.5,149,8,110.0,,,,,
VOLKSWAGEN,BORA TDI (150ch),GO,M 6,7.3,4.5,5.5,149,8,110.0,,,,,
VOLKSWAGEN,PASSAT BREAK TDI (100ch),GO,M 5,7.1,4.6,5.5,149,6,74.0,,,,,
VOLKSWAGEN,PASSAT BREAK TDI (100ch),GO,M 5,7.1,4.6,5.5,149,6,74.0,,,,,
VOLKSWAGEN,PASSAT TDI (100ch),GO,M 5,7.1,4.6,5.5,149,6,74.0,,,,,
VOLKSWAGEN,PASSAT TDI (100ch),GO,M 5,7.1,4.6,5.5,149,6,74.0,,,,,
VOLKSWAGEN,PASSAT TDI (130ch),GO,M 5,7.6,4.6,5.6,149,7,96.0,,,,,
VOLKSWAGEN,PASSAT TDI (130ch),GO,M 5,7.6,4.6,5.6,149,7,96.0,,,,,
VOLKSWAGEN,PASSAT TDI (130ch),GO,M 5,7.7,4.4,5.6,149,7,96.0,,,,,
VOLKSWAGEN,PASSAT TDI (130ch),GO,M 5,7.7,4.4,5.6,149,7,96.0,,,,,
FIAT,PUNTO 3P D 60,GO,M 5,7.2,4.8,5.7,150,4,44.0,,,,,
FIAT,PUNTO 3P D 60,GO,M 5,7.2,4.8,5.7,150,4,44.0,,,,,
FIAT,PUNTO 5P D 60,GO,M 5,7.2,4.8,5.7,150,4,44.0,,,,,
FIAT,PUNTO 5P D 60,GO,M 5,7.2,4.8,5.7,150,4,44.0,,,,,
MG,MGZR 3P DIESEL CD,GO,M 5,7.2,4.1,5.2,150,6,74.0,,,,,
MG,MGZR 3P DIESEL CG,GO,M 5,7.2,4.1,5.2,150,6,74.0,,,,,
MG,MGZR 5P DIESEL CD,GO,M 5,7.2,4.1,5.2,150,6,74.0,,,,,
MG,MGZR 5P DIESEL CG,GO,M 5,7.2,4.1,5.2,150,6,74.0,,,,,
MG,MGZS 5P DIESEL CD,GO,M 5,7.3,4.3,5.4,150,6,74.0,,,,,
MG,MGZS 5P DIESEL CG,GO,M 5,7.3,4.3,5.4,150,6,74.0,,,,,
PEUGEOT,4062.0HDi (90ch),GO,M 5,7.7,4.5,5.7,150,6,66.0,,,,,
RENAULT,LAGUNA 1.9dCi (120ch),GO,M 6,7.2,4.6,5.5,150,7,88.0,,,,,
RENAULT,LAGUNA ESTATE 1.9dCi (100ch),GO,M 5,7.2,4.7,5.6,150,6,74.0,,,,,
ROVER,ROVER 25 3P DIESEL CD,GO,M 5,7.2,4.1,5.2,150,6,74.0,,,,,
ROVER,ROVER 25 3P DIESEL CG,GO,M 5,7.2,4.1,5.2,150,6,74.0,,,,,
ROVER,ROVER 25 5P DIESEL CD,GO,M 5,7.2,4.1,5.2,150,6,74.0,,,,,
ROVER,ROVER 25 5P DIESEL CG,GO,M 5,7.2,4.1,5.2,150,6,74.0,,,,,
ROVER,ROVER 45 4P DIESEL CD,GO,M 5,7.3,4.3,5.4,150,6,74.0,,,,,
ROVER,ROVER 45 4P DIESEL CG,GO,M 5,7.3,4.3,5.4,150,6,74.0,,,,,
ROVER,ROVER 45 5P DIESEL CD,GO,M 5,7.3,4.3,5.4,150,6,74.0,,,,,
ROVER,ROVER 45 5P DIESEL CG,GO,M 5,7.3,4.3,5.4,150,6,74.0,,,,,
AUDI,A41.9TDI (130ch),GO,M 5,7.5,4.5,5.6,151,7,96.0,,,,,
VOLKSWAGEN,CADDY COMBI TDI (90ch) 5PL,GO,M 5,7.2,4.7,5.6,151,6,66.0,,,,,
VOLKSWAGEN,PASSAT BREAK TDI (100ch),GO,M 5,7.2,4.7,5.6,151,6,74.0,,,,,
VOLKSWAGEN,PASSAT BREAK TDI (100ch),GO,M 5,7.2,4.7,5.6,151,6,74.0,,,,,
VOLKSWAGEN,PASSAT TDI (130ch) BV6,GO,M 6,7.5,4.6,5.6,151,7,96.0,,,,,
VOLKSWAGEN,PASSAT TDI (130ch) BV6,GO,M 6,7.5,4.6,5.6,151,7,96.0,,,,,
BMW,320d BERLINE,GO,M 5,7.7,4.5,5.7,152,8,100.0,,,,,
BMW,320d BERLINE,GO,M 5,7.7,4.5,5.7,152,7,95.4,,,,,
CITROEN,C52.0HDi,GO,M 5,7.7,4.7,5.7,152,6,66.0,,,,,
RENAULT,LAGUNA 1.9dCi (110ch),GO,M 6,7.3,4.6,5.6,152,6,79.0,,,,,
RENAULT,LAGUNA ESTATE 1.9dCi (120ch),GO,M 6,7.2,4.8,5.6,152,7,88.0,,,,,
RENAULT,SCENIC 1.9dTi,GO,M 5,7.3,4.8,5.7,152,5,59.0,,,,,
VOLKSWAGEN,PASSAT BREAK TDI (130ch),GO,M 5,7.7,4.6,5.7,152,7,96.0,,,,,
VOLKSWAGEN,PASSAT BREAK TDI (130ch),GO,M 5,7.7,4.6,5.7,152,7,96.0,,,,,
VOLKSWAGEN,PASSAT TDI (130ch),GO,M 5,7.7,4.7,5.7,152,7,96.0,,,,,
VOLKSWAGEN,PASSAT TDI (130ch),GO,M 5,7.7,4.7,5.7,152,7,96.0,,,,,
VOLKSWAGEN,PASSAT TDI (130ch),GO,M 5,7.7,4.5,5.7,152,7,96.0,,,,,
VOLKSWAGEN,PASSAT TDI (130ch),GO,M 5,7.7,4.5,5.7,152,7,96.0,,,,,
BMW,320d TOURING,GO,M 5,7.8,4.5,5.7,153,8,110.0,,,,,
BMW,320d TOURING BVA,GO,M 5,7.8,4.5,5.7,153,8,97.0,,,,,
AUDI,A61.9TDI (130ch),GO,M 5,7.7,4.6,5.7,154,7,96.0,,,,,
AUDI,A61.9TDI (130ch),GO,M 5,7.7,4.6,5.7,154,7,96.0,,,,,
AUDI,A61.9TDI (130ch),GO,M 5,7.7,4.6,5.7,154,7,96.0,,,,,
CITROEN,XSARA 3P 2.0HDi BVA,GO,A 4,8.1,4.5,5.8,154,6,80.0,,,,,
CITROEN,XSARA 5P 2.0HDi BVA,GO,A 4,8.1,4.5,5.8,154,6,80.0,,,,,
MERCEDES-BENZ,A 160 CDI BVA,GO,A 5,7.7,4.6,5.7,154,5,55.0,,,,,
MG,MGZS 4P DIESEL CD,GO,M 5,7.1,4.3,5.4,154,6,74.0,,,,,
MG,MGZS 4P DIESEL CG,GO,M 5,7.1,4.3,5.4,154,6,74.0,,,,,
OPEL,ASTRA 3P 2.0DTI 16V CLIM,GO,M 5,7.6,4.6,5.7,154,6,74.0,,,,,
OPEL,ASTRA 5P 2.0DTI 16V CLIM,GO,M 5,7.6,4.6,5.7,154,6,74.0,,,,,
OPEL,VECTRA 4P 2.0DTI 16V,GO,M 5,7.7,4.5,5.7,154,6,74.0,,,,,
OPEL,VECTRA 5P 2.0DTI 16V,GO,M 5,7.7,4.5,5.7,154,6,74.0,,,,,
RENAULT,KANGOO 1.9dTi,GO,M 5,7.2,5.0,5.8,154,5,59.0,,,,,
RENAULT,LAGUNA ESTATE 1.9dCi (110ch),GO,M 6,7.3,4.8,5.7,154,6,79.0,,,,,
VOLKSWAGEN,CADDY COMBI TDI (90ch) 5PL,GO,M 5,7.3,4.8,5.7,154,6,66.0,,,,,
VOLKSWAGEN,PASSAT BREAK TDI (100ch),GO,M 5,7.3,4.8,5.7,154,6,74.0,,,,,
VOLKSWAGEN,PASSAT BREAK TDI (100ch),GO,M 5,7.3,4.8,5.7,154,6,74.0,,,,,
VOLKSWAGEN,PASSAT BREAK TDI (130ch),GO,M 5,7.7,4.7,5.8,154,7,96.0,,,,,
VOLKSWAGEN,PASSAT BREAK TDI (130ch),GO,M 5,7.7,4.7,5.8,154,7,96.0,,,,,
VOLKSWAGEN,PASSAT BREAK TDI (130ch),GO,M 5,7.7,4.8,5.8,154,7,96.0,,,,,
VOLKSWAGEN,PASSAT BREAK TDI (130ch),GO,M 5,7.8,4.8,5.8,154,7,96.0,,,,,
VOLKSWAGEN,PASSAT BREAK TDI (130ch),GO,M 5,7.7,4.8,5.8,154,7,96.0,,,,,
VOLKSWAGEN,PASSAT BREAK TDI (130ch),GO,M 5,7.8,4.8,5.8,154,7,96.0,,,,,
VOLKSWAGEN,PASSAT TDI (130ch),GO,M 5,7.8,4.8,5.8,154,7,96.0,,,,,
VOLKSWAGEN,PASSAT TDI (130ch),GO,M 5,7.8,4.8,5.8,154,7,96.0,,,,,
VOLKSWAGEN,PASSAT TDI (130ch),GO,M 5,7.8,4.8,5.8,154,7,96.0,,,,,
VOLKSWAGEN,PASSAT TDI (130ch),GO,M 5,7.8,4.8,5.8,154,7,96.0,,,,,
VOLKSWAGEN,PASSAT TDI (130ch) BV6,GO,M 6,7.6,4.7,5.7,154,7,96.0,,,,,
VOLKSWAGEN,PASSAT TDI (130ch) BV6,GO,M 6,7.6,4.7,5.7,154,7,96.0,,,,,
ALFA-ROMEO,1473P 1.9JTD,GO,M 5,7.8,4.7,5.8,155,7,85.0,,,,,
ALFA-ROMEO,1475P 1.9JTD,GO,M 5,7.8,4.7,5.8,155,7,85.0,,,,,
ALFA-ROMEO,1561.9JTD,GO,M 5,7.8,4.7,5.8,155,7,81.0,,,,,
ALFA-ROMEO,1561.9JTD,GO,M 5,7.8,4.7,5.8,155,7,85.0,,,,,
ALFA-ROMEO,1561.9JTD,GO,M 5,7.8,4.7,5.8,155,7,85.0,,,,,
BMW,318d TOURING,GO,M 5,7.5,4.9,5.8,155,7,85.0,,,,,
CITROEN,BERLINGO 2.0HDi,GO,M 5,7.5,5.0,5.9,155,6,66.0,,,,,
CITROEN,BERLINGO 2.0HDi,GO,M 5,7.5,5.0,5.9,155,6,66.0,,,,,
CITROEN,C5BREAK 2.0HDi,GO,M 5,7.7,4.8,5.9,155,6,66.0,,,,,
PEUGEOT,406BREAK 2.0HDi (90ch),GO,M 5,7.7,4.8,5.9,155,6,66.0,,,,,
PEUGEOT,406FAMILIALE 2.0HDi (90ch),GO,M 5,7.7,4.8,5.9,155,6,66.0,,,,,
PEUGEOT,PARTNER 2.0HDi,GO,M 5,7.5,5.0,5.9,155,6,66.0,,,,,
PEUGEOT,PARTNER USHUAIA 2.0HDi,GO,M 5,7.5,5.0,5.9,155,6,66.0,,,,,
BMW,320d TOURING,GO,M 5,7.8,4.7,5.9,156,8,100.0,,,,,
BMW,320d TOURING,GO,M 5,7.8,4.7,5.9,156,7,95.4,,,,,
BMW,520d BERLINE,GO,M 5,7.8,4.7,5.9,156,7,92.0,,,,,
CITROEN,XSARA BREAK 2.0HDi BVA,GO,A 4,8.2,4.6,5.9,156,6,80.0,,,,,
FORD,MONDEO 4P 2.0TDdi,GO,M 5,8.2,4.6,5.9,156,6,66.0,,,,,
FORD,MONDEO 4P 2.0TDdi,GO,M 5,8.2,4.6,5.9,156,6,66.0,,,,,
FORD,MONDEO 4P 2.0TDdi,GO,M 5,8.2,4.6,5.9,156,6,66.0,,,,,
FORD,MONDEO 4P 2.0TDdi,GO,M 5,8.2,4.6,5.9,156,6,66.0,,,,,
FORD,MONDEO 4P 2.0TDdi,GO,M 5,8.2,4.6,5.9,156,7,85.0,,,,,
FORD,MONDEO 4P 2.0TDdi,GO,M 5,8.2,4.6,5.9,156,7,85.0,,,,,
FORD,MONDEO 4P 2.0TDdi,GO,M 5,8.1,4.7,5.9,156,7,95.0,,,,,
FORD,MONDEO 4P 2.0TDdi,GO,M 5,8.1,4.7,5.9,156,7,95.0,,,,,
FORD,MONDEO 4P 2.0TDdi,GO,M 5,8.1,4.7,5.9,156,7,95.0,,,,,
FORD,MONDEO 4P 2.0TDdi,GO,M 5,8.1,4.7,5.9,156,7,95.0,,,,,
FORD,MONDEO 5P 2.0TDdi,GO,M 5,8.2,4.6,5.9,156,6,66.0,,,,,
FORD,MONDEO 5P 2.0TDdi,GO,M 5,8.2,4.6,5.9,156,6,66.0,,,,,
FORD,MONDEO 5P 2.0TDdi,GO,M 5,8.2,4.6,5.9,156,7,85.0,,,,,
FORD,MONDEO 5P 2.0TDdi,GO,M 5,8.2,4.6,5.9,156,7,85.0,,,,,
FORD,MONDEO 5P 2.0TDdi,GO,M 5,8.1,4.7,5.9,156,7,95.0,,,,,
FORD,MONDEO 5P 2.0TDdi,GO,M 5,8.1,4.7,5.9,156,7,95.0,,,,,
FORD,MONDEO 5P 2.0TDdi,GO,M 5,8.1,4.7,5.9,156,7,95.0,,,,,
FORD,MONDEO 5P 2.0TDdi,GO,M 5,8.1,4.7,5.9,156,7,95.0,,,,,
MERCEDES-BENZ,A 170 CDI BVA,GO,A 5,7.9,4.6,5.8,156,6,70.0,,,,,
MERCEDES-BENZ,A 170 CDI FAMILY BVA,GO,A 5,7.9,4.7,5.8,156,6,70.0,,,,,
TOYOTA,COROLLA 3P 2.0TD4D,GO,M 5,7.6,4.8,5.8,156,6,66.0,,,,,
TOYOTA,COROLLA 5P 2.0TD4D,GO,M 5,7.6,4.8,5.8,156,6,66.0,,,,,
AUDI,A6AVANT 1.9TDI (130ch),GO,M 5,7.8,4.7,5.8,157,8,96.0,,,,,
AUDI,A6AVANT 1.9TDI (130ch),GO,M 5,7.8,4.7,5.8,157,8,96.0,,,,,
LANCIA,LYBRA 1.9JTD,GO,M 5,8.1,4.7,5.9,157,7,85.0,,,,,
NISSAN,ALMERA 3P 2.2VDi,GO,M 5,7.9,4.7,5.9,157,7,81.0,,,,,
NISSAN,ALMERA 3P 2.2VDi,GO,M 5,7.9,4.7,5.9,157,7,81.0,,,,,
NISSAN,ALMERA 4P 2.2VDi,GO,M 5,7.9,4.7,5.9,157,7,81.0,,,,,
NISSAN,ALMERA 4P 2.2VDi,GO,M 5,7.9,4.7,5.9,157,7,81.0,,,,,
NISSAN,ALMERA 5P 2.2VDi,GO,M 5,7.9,4.7,5.9,157,7,81.0,,,,,
NISSAN,ALMERA 5P 2.2VDi,GO,M 5,7.9,4.7,5.9,157,7,81.0,,,,,
OPEL,VECTRA BREAK 2.0DTI 16V,GO,M 5,7.8,4.7,5.8,157,6,74.0,,,,,
RENAULT,SCENIC 1.9dCi,GO,M 5,7.7,4.9,5.9,157,6,75.0,,,,,
VOLKSWAGEN,PASSAT BREAK TDI (130ch),GO,M 5,7.8,4.8,5.9,157,8,96.0,,,,,
VOLKSWAGEN,PASSAT BREAK TDI (130ch),GO,M 5,7.8,4.8,5.9,157,8,96.0,,,,,
VOLKSWAGEN,PASSAT BREAK TDI (130ch),GO,M 5,7.9,4.9,5.9,157,8,96.0,,,,,
VOLKSWAGEN,PASSAT BREAK TDI (130ch),GO,M 5,7.9,4.9,5.9,157,8,96.0,,,,,
VOLKSWAGEN,PASSAT BREAK TDI (130ch) BV6,GO,M 6,7.5,4.8,5.8,157,8,96.0,,,,,
VOLKSWAGEN,PASSAT BREAK TDI (130ch) BV6,GO,M 6,7.5,4.8,5.8,157,8,96.0,,,,,
VOLKSWAGEN,PASSAT TDI (130ch) BV6,GO,M 6,7.6,4.8,5.8,157,8,96.0,,,,,
VOLKSWAGEN,PASSAT TDI (130ch) BV6,GO,M 6,7.6,4.8,5.8,157,8,96.0,,,,,
HYUNDAI,MATRIX 1.5L CRDi GLS,GO,M 5,7.6,5.0,6.0,158,5,60.3,,,,,
TOYOTA,AVENSIS 4P 2.0TD4D,GO,M 5,8.0,4.8,5.9,158,7,81.0,,,,,
TOYOTA,AVENSIS 5P 2.0TD4D,GO,M 5,8.0,4.8,5.9,158,7,81.0,,,,,
FORD,MONDEO BREAK 2.0TDdi,GO,M 5,8.3,4.7,6.0,159,6,66.0,,,,,
FORD,MONDEO BREAK 2.0TDdi,GO,M 5,8.3,4.7,6.0,159,6,66.0,,,,,
FORD,MONDEO BREAK 2.0TDdi,GO,M 5,8.3,4.7,6.0,159,7,85.0,,,,,
FORD,MONDEO BREAK 2.0TDdi,GO,M 5,8.3,4.7,6.0,159,7,85.0,,,,,
FORD,MONDEO BREAK 2.0TDdi,GO,M 5,8.2,4.8,6.0,159,8,95.0,,,,,
FORD,MONDEO BREAK 2.0TDdi,GO,M 5,8.2,4.8,6.0,159,8,95.0,,,,,
FORD,MONDEO BREAK 2.0TDdi,GO,M 5,8.2,4.8,6.0,159,8,95.0,,,,,
FORD,MONDEO BREAK 2.0TDdi,GO,M 5,8.2,4.8,6.0,159,8,95.0,,,,,
OPEL,ASTRA BREAK 2.0DTI 16V CLIM,GO,M 5,7.7,4.8,5.9,159,6,74.0,,,,,
SEAT,INCA COMBI+ 1.9SDI,GO,M 5,7.5,5.0,5.9,159,5,47.0,,,,,
VOLKSWAGEN,CADDY COMBI SDI (64ch) 5PL,GO,M 5,7.5,5.0,5.9,159,5,47.0,,,,,
VOLKSWAGEN,PASSAT BREAK TDI (130ch) BV6,GO,M 6,7.6,4.9,5.9,159,8,96.0,,,,,
VOLKSWAGEN,PASSAT BREAK TDI (130ch) BV6,GO,M 6,7.6,4.9,5.9,159,8,96.0,,,,,
ALFA-ROMEO,156SW 1.9JTD,GO,M 5,7.9,4.9,6.0,160,7,81.0,,,,,
ALFA-ROMEO,156SW 1.9JTD,GO,M 5,7.9,4.9,6.0,160,7,85.0,,,,,
TOYOTA,AVENSIS BREAK 2.0TD4D,GO,M 5,8.0,5.0,6.0,161,7,81.0,,,,,
LANCIA,LYBRA SW 1.9JTD,GO,M 5,8.4,4.8,6.1,162,7,85.0,,,,,
VOLKSWAGEN,PASSAT BREAK TDI (130ch) BV6,GO,M 6,7.7,5.0,6.0,162,8,96.0,,,,,
VOLKSWAGEN,PASSAT BREAK TDI (130ch) BV6,GO,M 6,7.7,5.0,6.0,162,8,96.0,,,,,
BMW,520d TOURING,GO,M 5,8.1,5.0,6.1,163,7,92.0,,,,,
MAZDA,3232.0DiTD,GO,M 5,7.5,5.0,5.9,163,6,74.0,,,,,
ROVER,ROVER 75 DIESEL CD,GO,M 5,7.7,4.7,5.8,163,7,85.0,,,,,
ROVER,ROVER 75 DIESEL CG,GO,M 5,7.7,4.7,5.8,163,7,85.0,,,,,
ROVER,ROVER 75 TOURER DIESEL CD,GO,M 5,7.7,4.7,5.8,163,7,85.0,,,,,
ROVER,ROVER 75 TOURER DIESEL CG,GO,M 5,7.7,4.7,5.8,163,7,85.0,,,,,
CITROEN,XSARA 3P 1.9D,GO,M 5,8.3,5.0,6.2,164,5,51.0,,,,,
CITROEN,XSARA 5P 1.9D,GO,M 5,8.3,5.0,6.2,164,5,51.0,,,,,
CITROEN,XSARA BREAK 1.9D,GO,M 5,8.3,5.0,6.2,164,5,51.0,,,,,
FORD,MONDEO 4P 2.0TDdi,GO,M 5,8.5,4.9,6.2,164,6,66.0,,,,,
FORD,MONDEO 4P 2.0TDdi,GO,M 5,8.5,4.9,6.2,164,7,85.0,,,,,
FORD,MONDEO 4P 2.0TDdi,GO,M 5,8.4,5.0,6.2,164,8,95.0,,,,,
FORD,MONDEO 4P 2.0TDdi,GO,M 5,8.4,5.0,6.2,164,8,95.0,,,,,
FORD,MONDEO 5P 2.0TDdi,GO,M 5,8.5,4.9,6.2,164,6,66.0,,,,,
FORD,MONDEO 5P 2.0TDdi,GO,M 5,8.5,4.9,6.2,164,7,85.0,,,,,
FORD,MONDEO 5P 2.0TDdi,GO,M 5,8.4,5.0,6.2,164,8,95.0,,,,,
FORD,MONDEO 5P 2.0TDdi,GO,M 5,8.4,5.0,6.2,164,8,95.0,,,,,
MERCEDES-BENZ,C 200 CDI BERLINE BOITE SEQUENTRONIC,GO,M 6,8.5,5.0,6.2,164,7,85.0,,,,,
MERCEDES-BENZ,C 220 CDI BERLINE BOITE SEQUENTRONIC,GO,M 6,8.5,5.0,6.2,164,8,105.0,,,,,
MERCEDES-BENZ,C 220 CDI COUPE SPORT,GO,M 6,8.6,4.8,6.2,164,8,105.0,,,,,
MERCEDES-BENZ,E 200 CDI BERLINE,GO,M 6,8.5,4.8,6.2,164,7,85.0,,,,,
MERCEDES-BENZ,E 220 CDI BERLINE,GO,M 6,8.5,4.8,6.2,164,8,105.0,,,,,
PEUGEOT,3063P 1.9D,GO,M 5,8.3,5.0,6.2,164,5,51.0,,,,,
PEUGEOT,3064P 1.9D,GO,M 5,8.3,5.0,6.2,164,5,51.0,,,,,
PEUGEOT,3065P 1.9D,GO,M 5,8.3,5.0,6.2,164,5,51.0,,,,,
PEUGEOT,306BREAK 1.9D,GO,M 5,8.3,5.0,6.2,164,5,51.0,,,,,
SAAB,373245P 2.2TiD (115ch),GO,M 5,8.9,4.6,6.2,164,7,85.0,,,,,
SAAB,373245P 2.2TiD (125ch),GO,M 5,8.3,5.0,6.2,164,7,92.0,,,,,
SAAB,37324COUPE 2.2TiD (115ch),GO,M 5,8.9,4.6,6.2,164,7,85.0,,,,,
SAAB,37324COUPE 2.2TiD (125ch),GO,M 5,8.3,5.0,6.2,164,7,92.0,,,,,
MAZDA,6262.0DiTD,GO,M 5,7.4,5.1,5.9,165,7,81.0,,,,,
SUZUKI,VITARA 3P BERLINE 2.0L TD 'COMMON RAIL',GO,M 5,7.5,5.4,6.2,165,6,66.0,,,,,
SUZUKI,VITARA 3P CABRIOLET 2.0L TD 'COMMON RAIL',GO,M 5,7.5,5.4,6.2,165,6,66.0,,,,,
VOLKSWAGEN,BORA TDI (115ch) 4MOTION,GO,M 6,8.0,5.0,6.1,165,7,85.0,,,,,
VOLKSWAGEN,BORA TDI (115ch) 4MOTION,GO,M 6,8.0,5.0,6.1,165,7,85.0,,,,,
VOLKSWAGEN,BORA TDI (115ch) 4MOTION,GO,M 6,7.9,5.0,6.1,165,7,85.0,,,,,
VOLKSWAGEN,BORA TDI (115ch) 4MOTION,GO,M 6,7.9,5.0,6.1,165,7,85.0,,,,,
VOLKSWAGEN,GOLF TDI (115ch) 4MOTION,GO,M 6,7.9,5.0,6.1,165,7,85.0,,,,,
VOLKSWAGEN,GOLF TDI (115ch) 4MOTION,GO,M 6,7.9,5.0,6.1,165,7,85.0,,,,,
VOLKSWAGEN,GOLF TDI (115ch) 4MOTION,GO,M 6,7.9,5.0,6.1,165,7,85.0,,,,,
VOLKSWAGEN,GOLF TDI (115ch) 4MOTION,GO,M 6,7.9,5.0,6.1,165,7,85.0,,,,,
VOLKSWAGEN,GOLF TDI (115ch) 4MOTION,GO,M 6,8.0,5.0,6.1,165,7,85.0,,,,,
VOLKSWAGEN,GOLF TDI (115ch) 4MOTION,GO,M 6,8.0,5.0,6.1,165,7,85.0,,,,,
VOLKSWAGEN,GOLF TDI (115ch) 4MOTION,GO,M 6,8.0,5.0,6.1,165,7,85.0,,,,,
VOLKSWAGEN,GOLF TDI (115ch) 4MOTION,GO,M 6,8.0,5.0,6.1,165,7,85.0,,,,,
MERCEDES-BENZ,C 220 CDI COUPE SPORT BOITE SEQUENTRONIC,GO,M 6,8.3,5.1,6.3,166,8,105.0,,,,,
AUDI,A33P 1.9TDI (130ch) QUATTRO BV6,GO,M 6,8.0,5.1,6.2,167,8,96.0,,,,,
FORD,MONDEO BREAK 2.0TDdi,GO,M 5,8.6,5.0,6.3,167,6,66.0,,,,,
FORD,MONDEO BREAK 2.0TDdi,GO,M 5,8.6,5.0,6.3,167,7,85.0,,,,,
FORD,MONDEO BREAK 2.0TDdi,GO,M 5,8.5,5.1,6.3,167,8,95.0,,,,,
FORD,MONDEO BREAK 2.0TDdi,GO,M 5,8.5,5.1,6.3,167,8,95.0,,,,,
MERCEDES-BENZ,C 200 CDI BERLINE,GO,M 6,8.8,4.7,6.3,167,7,85.0,,,,,
RENAULT,LAGUNA 2.2dCi (150ch),GO,M 6,8.4,5.1,6.3,167,9,110.0,,,,,
SKODA,OCTAVIA COMBI 4X4  1.9TDI (100ch),GO,M 6,8.2,5.0,6.2,167,6,74.0,,,,,
VOLKSWAGEN,BORA BREAK TDI (115ch) 4MOTION,GO,M 6,8.0,5.1,6.2,167,7,85.0,,,,,
VOLKSWAGEN,BORA BREAK TDI (115ch) 4MOTION,GO,M 6,8.0,5.1,6.2,167,7,85.0,,,,,
VOLKSWAGEN,BORA BREAK TDI (115ch) 4MOTION,GO,M 6,8.1,5.1,6.2,167,7,85.0,,,,,
VOLKSWAGEN,BORA BREAK TDI (115ch) 4MOTION,GO,M 6,8.1,5.1,6.2,167,7,85.0,,,,,
VOLKSWAGEN,BORA TDI (100ch) 4MOTION,GO,M 6,8.2,5.0,6.2,167,6,74.0,,,,,
VOLKSWAGEN,BORA TDI (100ch) 4MOTION,GO,M 6,8.2,5.0,6.2,167,6,74.0,,,,,
VOLKSWAGEN,BORA TDI (115ch) 4MOTION,GO,M 6,8.1,5.1,6.2,167,7,85.0,,,,,
VOLKSWAGEN,BORA TDI (115ch) 4MOTION,GO,M 6,8.1,5.1,6.2,167,7,85.0,,,,,
VOLKSWAGEN,BORA TDI (115ch) 4MOTION,GO,M 6,8.0,5.1,6.2,167,7,85.0,,,,,
VOLKSWAGEN,BORA TDI (115ch) 4MOTION,GO,M 6,8.0,5.1,6.2,167,7,85.0,,,,,
VOLKSWAGEN,BORA TDI (130ch) 4MOTION,GO,M 6,8.0,5.1,6.2,167,8,96.0,,,,,
VOLKSWAGEN,BORA TDI (130ch) 4MOTION,GO,M 6,8.0,5.1,6.2,167,8,96.0,,,,,
VOLKSWAGEN,GOLF TDI (115ch) 4MOTION,GO,M 6,8.0,5.1,6.2,167,7,85.0,,,,,
VOLKSWAGEN,GOLF TDI (115ch) 4MOTION,GO,M 6,8.0,5.1,6.2,167,7,85.0,,,,,
VOLKSWAGEN,GOLF TDI (115ch) 4MOTION,GO,M 6,8.0,5.1,6.2,167,7,85.0,,,,,
VOLKSWAGEN,GOLF TDI (115ch) 4MOTION,GO,M 6,8.0,5.1,6.2,167,7,85.0,,,,,
VOLKSWAGEN,GOLF TDI (115ch) 4MOTION,GO,M 6,8.1,5.1,6.2,167,7,85.0,,,,,
VOLKSWAGEN,GOLF TDI (115ch) 4MOTION,GO,M 6,8.1,5.1,6.2,167,7,85.0,,,,,
VOLKSWAGEN,GOLF TDI (115ch) 4MOTION,GO,M 6,8.1,5.1,6.2,167,7,85.0,,,,,
VOLKSWAGEN,GOLF TDI (115ch) 4MOTION,GO,M 6,8.1,5.1,6.2,167,7,85.0,,,,,
VOLKSWAGEN,GOLF TDI (115ch) TIPTRONIC,GO,A 5,8.4,5.0,6.2,167,7,85.0,,,,,
VOLKSWAGEN,GOLF TDI (115ch) TIPTRONIC,GO,A 5,8.4,5.0,6.2,167,7,85.0,,,,,
VOLKSWAGEN,GOLF TDI (130ch) 4MOTION,GO,M 6,8.0,5.1,6.2,167,8,96.0,,,,,
VOLKSWAGEN,GOLF TDI (130ch) 4MOTION,GO,M 6,8.0,5.1,6.2,167,8,96.0,,,,,
VOLKSWAGEN,GOLF TDI (130ch) 4MOTION,GO,M 6,8.0,5.1,6.2,167,8,96.0,,,,,
VOLKSWAGEN,GOLF TDI (130ch) 4MOTION,GO,M 6,8.0,5.1,6.2,167,8,96.0,,,,,
VOLKSWAGEN,GOLF TDI (150ch) 4MOTION,GO,M 6,8.1,5.1,6.2,167,9,110.0,,,,,
VOLKSWAGEN,GOLF TDI (150ch) 4MOTION,GO,M 6,8.1,5.1,6.2,167,9,110.0,,,,,
VOLKSWAGEN,GOLF TDI (150ch) 4MOTION,GO,M 6,8.1,5.1,6.2,167,9,110.0,,,,,
VOLKSWAGEN,GOLF TDI (150ch) 4MOTION,GO,M 6,8.1,5.1,6.2,167,9,110.0,,,,,
CITROEN,C52.2HDi,GO,M 5,8.8,4.9,6.4,168,8,98.0,,,,,
NISSAN,ALMERA TINO 2.2VDi,GO,M 5,8.3,5.3,6.4,168,7,84.0,,,,,
PEUGEOT,4062.2HDi FAP,GO,M 5,8.8,4.9,6.4,168,8,98.0,,,,,
PEUGEOT,406COUPE 2.2HDi FAP,GO,M 5,8.8,4.9,6.4,168,8,98.0,,,,,
HYUNDAI,ELANTRA 4P 2.0L CRDi GLS Confort,GO,M 5,8.6,5.1,6.4,169,7,82.5,,,,,
HYUNDAI,ELANTRA 5P 2.0L CRDi GLS Confort,GO,M 5,8.6,5.1,6.4,169,7,82.5,,,,,
SUZUKI,VITARA 5P 2.0L TD 'COMMON RAIL',GO,M 5,7.6,5.7,6.4,169,6,66.0,,,,,
AUDI,A33P 1.9TDI (130ch) QUATTRO BV6,GO,M 6,8.1,5.2,6.3,170,8,96.0,,,,,
AUDI,A35P 1.9TDI (130ch) QUATTRO BV6,GO,M 6,8.1,5.2,6.3,170,8,96.0,,,,,
CITROEN,C5BREAK 2.2HDi,GO,M 5,8.8,5.1,6.5,170,8,98.0,,,,,
FIAT,MULTIPLA JTD,GO,M 5,8.0,5.5,6.4,170,7,81.0,,,,,
FORD,GALAXY 1.9TDi,GO,M 6,8.3,5.2,6.3,170,7,85.0,,,,,
MERCEDES-BENZ,C 220 CDI BERLINE,GO,M 6,9.0,4.8,6.4,170,8,105.0,,,,,
OPEL,VECTRA 4P 2.2DTI 16V,GO,M 5,8.6,4.9,6.3,170,7,88.0,,,,,
OPEL,VECTRA 4P 2.2DTI 16V,GO,M 5,8.6,4.9,6.3,170,8,92.0,,,,,
OPEL,VECTRA 5P 2.2DTI 16V,GO,M 5,8.6,4.9,6.3,170,8,92.0,,,,,
OPEL,VECTRA 5P 2.2DTI 16V,GO,M 5,8.6,4.9,6.3,170,7,88.0,,,,,
PEUGEOT,406BREAK 2.2HDi FAP,GO,M 5,8.8,5.1,6.5,170,8,98.0,,,,,
PEUGEOT,406FAMILIALE 2.2HDi FAP,GO,M 5,8.8,5.1,6.5,170,8,98.0,,,,,
RENAULT,LAGUNA ESTATE 2.2dCi (150ch),GO,M 6,8.5,5.2,6.4,170,9,110.0,,,,,
SEAT,ALHAMBRA TDI (115ch),GO,M 6,8.3,5.2,6.3,170,7,85.0,,,,,
SEAT,LEON CUPRA TDI (150ch),GO,M 6,8.2,5.2,6.3,170,9,110.0,,,,,
SEAT,LEON CUPRA TDI (150ch),GO,M 6,8.2,5.2,6.3,170,9,110.0,,,,,
SKODA,OCTAVIA 1.9TDI (90ch) BVA Ambiente,GO,A 4,8.9,4.8,6.3,170,6,66.0,,,,,
SKODA,OCTAVIA COMBI 1.9TDI (90ch) BVA Ambiente,GO,A 4,8.9,4.8,6.3,170,6,66.0,,,,,
VOLKSWAGEN,BORA BREAK TDI (100ch) 4MOTION,GO,M 6,8.3,5.1,6.3,170,6,74.0,,,,,
VOLKSWAGEN,BORA BREAK TDI (100ch) 4MOTION,GO,M 6,8.3,5.1,6.3,170,6,74.0,,,,,
VOLKSWAGEN,BORA BREAK TDI (115ch) 4MOTION,GO,M 6,8.1,5.2,6.3,170,7,85.0,,,,,
VOLKSWAGEN,BORA BREAK TDI (115ch) 4MOTION,GO,M 6,8.1,5.2,6.3,170,7,85.0,,,,,
VOLKSWAGEN,BORA BREAK TDI (115ch) 4MOTION,GO,M 6,8.2,5.2,6.3,170,7,85.0,,,,,
VOLKSWAGEN,BORA BREAK TDI (115ch) 4MOTION,GO,M 6,8.2,5.2,6.3,170,7,85.0,,,,,
VOLKSWAGEN,BORA BREAK TDI (115ch) TIPTRONIC,GO,A 5,8.5,5.1,6.3,170,7,85.0,,,,,
VOLKSWAGEN,BORA BREAK TDI (130ch) 4MOTION,GO,M 6,8.1,5.2,6.3,170,8,96.0,,,,,
VOLKSWAGEN,BORA BREAK TDI (130ch) 4MOTION,GO,M 6,8.1,5.2,6.3,170,8,96.0,,,,,
VOLKSWAGEN,BORA TDI (100ch) 4MOTION,GO,M 6,8.3,5.1,6.3,170,6,74.0,,,,,
VOLKSWAGEN,BORA TDI (100ch) 4MOTION,GO,M 6,8.3,5.1,6.3,170,6,74.0,,,,,
VOLKSWAGEN,BORA TDI (115ch) 4MOTION,GO,M 6,8.2,5.2,6.3,170,7,85.0,,,,,
VOLKSWAGEN,BORA TDI (115ch) 4MOTION,GO,M 6,8.2,5.2,6.3,170,7,85.0,,,,,
VOLKSWAGEN,BORA TDI (115ch) 4MOTION,GO,M 6,8.1,5.2,6.3,170,7,85.0,,,,,
VOLKSWAGEN,BORA TDI (115ch) 4MOTION,GO,M 6,8.1,5.2,6.3,170,7,85.0,,,,,
VOLKSWAGEN,BORA TDI (115ch) TIPTRONIC,GO,A 5,8.5,5.1,6.3,170,7,85.0,,,,,
VOLKSWAGEN,BORA TDI (130ch) 4MOTION,GO,M 6,8.1,5.2,6.3,170,8,96.0,,,,,
VOLKSWAGEN,BORA TDI (130ch) 4MOTION,GO,M 6,8.1,5.2,6.3,170,8,96.0,,,,,
VOLKSWAGEN,BORA TDI (150ch) 4MOTION,GO,M 6,8.2,5.2,6.3,170,9,110.0,,,,,
VOLKSWAGEN,BORA TDI (150ch) 4MOTION,GO,M 6,8.2,5.2,6.3,170,9,110.0,,,,,
VOLKSWAGEN,GOLF TDI (115ch) 4MOTION,GO,M 6,8.1,5.2,6.3,170,7,85.0,,,,,
VOLKSWAGEN,GOLF TDI (115ch) 4MOTION,GO,M 6,8.1,5.2,6.3,170,7,85.0,,,,,
VOLKSWAGEN,GOLF TDI (115ch) 4MOTION,GO,M 6,8.2,5.2,6.3,170,7,85.0,,,,,
VOLKSWAGEN,GOLF TDI (115ch) 4MOTION,GO,M 6,8.2,5.2,6.3,170,7,85.0,,,,,
VOLKSWAGEN,GOLF TDI (115ch) TIPTRONIC,GO,A 5,8.5,5.1,6.3,170,7,85.0,,,,,
VOLKSWAGEN,GOLF TDI (115ch) TIPTRONIC,GO,A 5,8.5,5.1,6.3,170,7,85.0,,,,,
VOLKSWAGEN,GOLF TDI (130ch) 4MOTION,GO,M 6,8.1,5.2,6.3,170,8,96.0,,,,,
VOLKSWAGEN,GOLF TDI (130ch) 4MOTION,GO,M 6,8.1,5.2,6.3,170,8,96.0,,,,,
VOLKSWAGEN,GOLF TDI (130ch) 4MOTION,GO,M 6,8.1,5.2,6.3,170,8,96.0,,,,,
VOLKSWAGEN,GOLF TDI (130ch) 4MOTION,GO,M 6,8.1,5.2,6.3,170,8,96.0,,,,,
VOLKSWAGEN,GOLF TDI (150ch) 4MOTION,GO,M 6,8.2,5.2,6.3,170,9,110.0,,,,,
VOLKSWAGEN,GOLF TDI (150ch) 4MOTION,GO,M 6,8.2,5.2,6.3,170,9,110.0,,,,,
VOLKSWAGEN,GOLF TDI (150ch) 4MOTION,GO,M 6,8.2,5.2,6.3,170,9,110.0,,,,,
VOLKSWAGEN,GOLF TDI (150ch) 4MOTION,GO,M 6,8.2,5.2,6.3,170,9,110.0,,,,,
VOLKSWAGEN,PASSAT TDI (130ch) 4MOTION,GO,M 6,8.2,5.2,6.3,170,8,96.0,,,,,
VOLKSWAGEN,PASSAT TDI (130ch) 4MOTION,GO,M 6,8.2,5.2,6.3,170,8,96.0,,,,,
VOLKSWAGEN,SHARAN TDI (115ch),GO,M 6,8.3,5.2,6.3,170,7,85.0,,,,,
CITROEN,JUMPY 2.0HDi,GO,M 5,7.9,5.4,6.4,171,7,80.0,,,,,
CITROEN,JUMPY 2.0HDi,GO,M 5,7.9,5.4,6.4,171,7,80.0,,,,,
PEUGEOT,EXPERT 2.0HDi,GO,M 5,7.9,5.4,6.4,171,7,80.0,,,,,
VOLVO,S60D5,GO,M 5,8.7,5.2,6.5,171,10,120.0,,,,,
FIAT,PALIO WEEKEND 1.9D,GO,M 5,8.7,5.2,6.5,172,5,46.0,,,,,
FIAT,PALIO WEEKEND 1.9D,GO,M 5,8.7,5.2,6.5,172,5,46.0,,,,,
VOLVO,S80D5,GO,M 5,9.0,5.1,6.5,172,10,120.0,,,,,
CITROEN,C52.0HDi BVA,GO,A 4,8.9,5.1,6.5,173,7,80.0,,,,,
FORD,GALAXY 1.9TDi,GO,M 6,8.0,5.5,6.4,173,6,66.0,,,,,
FORD,GALAXY 1.9TDi,GO,M 6,8.4,5.3,6.4,173,7,85.0,,,,,
OPEL,VECTRA BREAK 2.2DTI 16V,GO,M 5,8.7,5.1,6.4,173,8,92.0,,,,,
OPEL,VECTRA BREAK 2.2DTI 16V,GO,M 5,8.7,5.1,6.4,173,7,88.0,,,,,
PEUGEOT,4062.0HDi (110ch) BVA,GO,A 4,8.9,5.1,6.5,173,7,80.0,,,,,
SEAT,ALHAMBRA TDI (115ch),GO,M 6,8.4,5.3,6.4,173,7,85.0,,,,,
SEAT,ALHAMBRA TDI (90ch),GO,M 6,8.0,5.5,6.4,173,6,66.0,,,,,
TOYOTA,AVENSIS VERSO 2.0TD4D,GO,M 5,8.1,5.6,6.5,173,7,85.0,,,,,
TOYOTA,AVENSIS VERSO 2.0TD4D 7PL,GO,M 5,8.1,5.6,6.5,173,7,85.0,,,,,
VOLKSWAGEN,BORA BREAK TDI (100ch) 4MOTION,GO,M 6,8.4,5.2,6.4,173,7,74.0,,,,,
VOLKSWAGEN,BORA BREAK TDI (100ch) 4MOTION,GO,M 6,8.4,5.2,6.4,173,7,74.0,,,,,
VOLKSWAGEN,BORA BREAK TDI (100ch) TIPTRONIC,GO,A 5,8.6,5.1,6.4,173,7,74.0,,,,,
VOLKSWAGEN,BORA BREAK TDI (115ch) TIPTRONIC,GO,A 5,8.6,5.2,6.4,173,7,85.0,,,,,
VOLKSWAGEN,BORA BREAK TDI (130ch) 4MOTION,GO,M 6,8.2,5.3,6.4,173,8,96.0,,,,,
VOLKSWAGEN,BORA BREAK TDI (130ch) 4MOTION,GO,M 6,8.2,5.3,6.4,173,8,96.0,,,,,
VOLKSWAGEN,BORA TDI (100ch) 4MOTION,GO,M 6,8.4,5.2,6.4,173,7,74.0,,,,,
VOLKSWAGEN,BORA TDI (100ch) 4MOTION,GO,M 6,8.4,5.2,6.4,173,7,74.0,,,,,
VOLKSWAGEN,BORA TDI (100ch) TIPTRONIC,GO,A 5,8.6,5.1,6.4,173,7,74.0,,,,,
VOLKSWAGEN,BORA TDI (115ch) TIPTRONIC,GO,A 5,8.6,5.2,6.4,173,7,85.0,,,,,
VOLKSWAGEN,BORA TDI (130ch) 4MOTION,GO,M 6,8.2,5.3,6.4,173,8,96.0,,,,,
VOLKSWAGEN,BORA TDI (130ch) 4MOTION,GO,M 6,8.2,5.3,6.4,173,8,96.0,,,,,
VOLKSWAGEN,BORA TDI (150ch) 4MOTION,GO,M 6,8.3,5.3,6.4,173,9,110.0,,,,,
VOLKSWAGEN,BORA TDI (150ch) 4MOTION,GO,M 6,8.3,5.3,6.4,173,9,110.0,,,,,
VOLKSWAGEN,GOLF TDI (100ch) 4MOTION,GO,M 6,8.4,5.2,6.4,173,7,74.0,,,,,
VOLKSWAGEN,GOLF TDI (100ch) 4MOTION,GO,M 6,8.4,5.2,6.4,173,7,74.0,,,,,
VOLKSWAGEN,GOLF TDI (100ch) TIPTRONIC,GO,A 5,8.6,5.1,6.4,173,7,74.0,,,,,
VOLKSWAGEN,GOLF TDI (100ch) TIPTRONIC,GO,A 5,8.6,5.1,6.4,173,7,74.0,,,,,
VOLKSWAGEN,GOLF TDI (100ch) TIPTRONIC,GO,A 5,8.6,5.1,6.4,173,7,74.0,,,,,
VOLKSWAGEN,GOLF TDI (100ch) TIPTRONIC,GO,A 5,8.6,5.1,6.4,173,7,74.0,,,,,
VOLKSWAGEN,GOLF TDI (115ch) TIPTRONIC,GO,A 5,8.6,5.2,6.4,173,7,85.0,,,,,
VOLKSWAGEN,GOLF TDI (130ch) 4MOTION,GO,M 6,8.2,5.3,6.4,173,8,96.0,,,,,
VOLKSWAGEN,GOLF TDI (130ch) 4MOTION,GO,M 6,8.2,5.3,6.4,173,8,96.0,,,,,
VOLKSWAGEN,GOLF TDI (150ch) 4MOTION,GO,M 6,8.3,5.3,6.4,173,9,110.0,,,,,
VOLKSWAGEN,GOLF TDI (150ch) 4MOTION,GO,M 6,8.3,5.3,6.4,173,9,110.0,,,,,
VOLKSWAGEN,PASSAT BREAK TDI (130ch) 4MOTION,GO,M 6,8.3,5.3,6.4,173,8,96.0,,,,,
VOLKSWAGEN,PASSAT BREAK TDI (130ch) 4MOTION,GO,M 6,8.3,5.3,6.4,173,8,96.0,,,,,
VOLKSWAGEN,PASSAT TDI (130ch) 4MOTION,GO,M 6,8.4,5.3,6.4,173,8,96.0,,,,,
VOLKSWAGEN,PASSAT TDI (130ch) 4MOTION,GO,M 6,8.4,5.3,6.4,173,8,96.0,,,,,
VOLKSWAGEN,SHARAN TDI (115ch),GO,M 6,8.4,5.3,6.4,173,7,85.0,,,,,
VOLKSWAGEN,SHARAN TDI (90ch),GO,M 6,8.0,5.5,6.4,173,6,66.0,,,,,
MERCEDES-BENZ,C 200 CDI BREAK BOITE SEQUENTRONIC,GO,M 6,8.5,5.4,6.5,175,7,85.0,,,,,
MERCEDES-BENZ,C 220 CDI BREAK BOITE SEQUENTRONIC,GO,M 6,8.5,5.4,6.5,175,9,105.0,,,,,
MERCEDES-BENZ,C 270 CDI BERLINE BOITE SEQUENTRONIC,GO,M 6,9.1,5.2,6.6,175,10,125.0,,,,,
RENAULT,ESPACE 1.9dTi,GO,M 5,8.2,5.7,6.6,175,6,72.0,,,,,
AUDI,A33P 1.9TDI (130ch) TIPTRONIC,GO,A 5,9.0,5.0,6.5,176,8,96.0,,,,,
FORD,GALAXY 1.9TDi,GO,M 6,8.1,5.6,6.5,176,6,66.0,,,,,
FORD,GALAXY 1.9TDi,GO,M 6,8.5,5.4,6.5,176,7,85.0,,,,,
MAZDA,626BREAK 2.0DiTD,GO,M 5,7.8,5.5,6.3,176,7,81.0,,,,,
VOLKSWAGEN,BORA BREAK TDI (100ch) TIPTRONIC,GO,A 5,8.7,5.2,6.5,176,7,74.0,,,,,
VOLKSWAGEN,BORA BREAK TDI (100ch) TIPTRONIC,GO,A 5,8.7,5.2,6.5,176,7,74.0,,,,,
VOLKSWAGEN,BORA BREAK TDI (130ch) TIPTRONIC,GO,A 5,9.0,5.1,6.5,176,8,96.0,,,,,
VOLKSWAGEN,BORA TDI (100ch) TIPTRONIC,GO,A 5,8.7,5.2,6.5,176,7,74.0,,,,,
VOLKSWAGEN,BORA TDI (100ch) TIPTRONIC,GO,A 5,8.7,5.2,6.5,176,7,74.0,,,,,
VOLKSWAGEN,BORA TDI (130ch) TIPTRONIC,GO,A 5,9.0,5.1,6.5,176,8,96.0,,,,,
VOLKSWAGEN,GOLF TDI (100ch) TIPTRONIC,GO,A 5,8.7,5.2,6.5,176,7,74.0,,,,,
VOLKSWAGEN,GOLF TDI (100ch) TIPTRONIC,GO,A 5,8.7,5.2,6.5,176,7,74.0,,,,,
VOLKSWAGEN,GOLF TDI (100ch) TIPTRONIC,GO,A 5,8.7,5.2,6.5,176,7,74.0,,,,,
VOLKSWAGEN,GOLF TDI (130ch) TIPTRONIC,GO,A 5,9.0,5.0,6.5,176,8,96.0,,,,,
VOLKSWAGEN,GOLF TDI (130ch) TIPTRONIC,GO,A 5,9.0,5.0,6.5,176,8,96.0,,,,,
VOLKSWAGEN,GOLF TDI (130ch) TIPTRONIC,GO,A 5,9.0,5.1,6.5,176,8,96.0,,,,,
VOLKSWAGEN,GOLF TDI (130ch) TIPTRONIC,GO,A 5,9.0,5.1,6.5,176,8,96.0,,,,,
VOLKSWAGEN,PASSAT BREAK TDI (130ch) 4MOTION,GO,M 6,8.5,5.4,6.5,176,8,96.0,,,,,
VOLKSWAGEN,PASSAT BREAK TDI (130ch) 4MOTION,GO,M 6,8.5,5.4,6.5,176,8,96.0,,,,,
VOLKSWAGEN,PASSAT TDI (130ch) 4MOTION,GO,M 6,8.5,5.3,6.5,176,8,96.0,,,,,
VOLKSWAGEN,PASSAT TDI (130ch) 4MOTION,GO,M 6,8.5,5.3,6.5,176,8,96.0,,,,,
VOLKSWAGEN,SHARAN TDI (115ch),GO,M 6,8.5,5.4,6.5,176,7,85.0,,,,,
VOLKSWAGEN,SHARAN TDI (90ch),GO,M 6,8.1,5.6,6.5,176,6,66.0,,,,,
MAZDA,PREMACY 2.0DiTD,GO,M 5,7.8,5.6,6.4,177,7,74.0,,,,,
MERCEDES-BENZ,C 200 CDI BERLINE BVA,GO,A 5,9.4,5.1,6.7,177,7,85.0,,,,,
MERCEDES-BENZ,C 200 CDI BREAK,GO,M 6,8.9,5.4,6.7,177,7,85.0,,,,,
MERCEDES-BENZ,C 220 CDI BERLINE BVA,GO,A 5,9.4,5.1,6.7,177,9,105.0,,,,,
MERCEDES-BENZ,C 220 CDI BREAK,GO,M 6,8.9,5.4,6.7,177,9,105.0,,,,,
MERCEDES-BENZ,C 220 CDI COUPE SPORT BVA,GO,A 5,9.4,5.3,6.7,177,9,105.0,,,,,
MERCEDES-BENZ,E 200 CDI BERLINE BVA,GO,A 5,9.1,5.3,6.7,177,7,85.0,,,,,
MERCEDES-BENZ,E 220 CDI BERLINE BVA,GO,A 5,9.1,5.3,6.7,177,9,105.0,,,,,
VOLVO,V70D5,GO,M 5,9.0,5.4,6.7,177,10,120.0,,,,,
ALFA-ROMEO,1562.4JTD,GO,M 5,8.9,5.4,6.7,178,8,103.0,,,,,
ALFA-ROMEO,1562.4JTD,GO,M 5,8.9,5.4,6.7,178,8,103.0,,,,,
AUDI,A33P 1.9TDI (130ch) TIPTRONIC,GO,A 5,9.1,5.1,6.5,178,8,96.0,,,,,
AUDI,A35P 1.9TDI (130ch) TIPTRONIC,GO,A 5,9.1,5.1,6.5,178,8,96.0,,,,,
BMW,330d BERLINE,GO,M 5,9.2,5.3,6.7,178,11,135.0,,,,,
BMW,330d BERLINE,GO,M 5,9.2,5.3,6.7,178,11,135.0,,,,,
CITROEN,C5BREAK 2.0HDi BVA,GO,A 4,9.3,5.2,6.7,178,7,80.0,,,,,
FORD,GALAXY 1.9TDi,GO,M 6,8.2,5.7,6.6,178,6,66.0,,,,,
FORD,GALAXY 1.9TDi,GO,M 6,8.6,5.5,6.6,178,7,85.0,,,,,
OPEL,ZAFIRA 2.0DTI 16V,GO,M 5,8.4,5.5,6.6,178,7,74.0,,,,,
OPEL,ZAFIRA 2.0DTI 16V CLIM,GO,M 5,8.4,5.5,6.6,178,7,74.0,,,,,
PEUGEOT,406BREAK 2.0HDi (110ch) BVA,GO,A 4,9.3,5.2,6.7,178,7,80.0,,,,,
PEUGEOT,406FAMILIALE 2.0HDi (110ch) BVA,GO,A 4,9.3,5.2,6.7,178,7,80.0,,,,,
PEUGEOT,6072.2HDi FAP,GO,M 5,8.9,5.5,6.7,178,8,98.0,,,,,
VOLKSWAGEN,BORA BREAK TDI (100ch) TIPTRONIC,GO,A 5,8.8,5.3,6.6,178,7,74.0,,,,,
VOLKSWAGEN,BORA BREAK TDI (130ch) TIPTRONIC,GO,A 5,9.1,5.2,6.6,178,8,96.0,,,,,
VOLKSWAGEN,BORA TDI (100ch) TIPTRONIC,GO,A 5,8.8,5.3,6.6,178,7,74.0,,,,,
VOLKSWAGEN,BORA TDI (130ch) TIPTRONIC,GO,A 5,9.1,5.2,6.6,178,8,96.0,,,,,
VOLKSWAGEN,GOLF TDI (100ch) TIPTRONIC,GO,A 5,8.8,5.3,6.6,178,7,74.0,,,,,
VOLKSWAGEN,GOLF TDI (130ch) TIPTRONIC,GO,A 5,9.1,5.2,6.6,178,8,96.0,,,,,
VOLKSWAGEN,PASSAT BREAK TDI (130ch) 4MOTION,GO,M 6,8.6,5.5,6.6,178,8,96.0,,,,,
VOLKSWAGEN,PASSAT BREAK TDI (130ch) 4MOTION,GO,M 6,8.6,5.5,6.6,178,8,96.0,,,,,
VOLKSWAGEN,SHARAN TDI (115ch),GO,M 6,8.6,5.5,6.6,178,7,85.0,,,,,
VOLKSWAGEN,SHARAN TDI (90ch),GO,M 6,8.2,5.7,6.6,178,6,66.0,,,,,
BMW,525d BERLINE,GO,M 5,9.2,5.3,6.7,179,10,120.0,,,,,
LANCIA,LYBRA 2.4JTD,GO,M 5,9.0,5.4,6.7,179,9,103.0,,,,,
NISSAN,PRIMERA 4P 2.0TD,GO,M 5,8.8,5.6,6.8,179,6,66.0,,,,,
NISSAN,PRIMERA 5P 2.0TD,GO,M 5,8.8,5.6,6.8,179,6,66.0,,,,,
ALFA-ROMEO,156SW 2.4JTD,GO,M 5,9.0,5.6,6.8,180,9,103.0,,,,,
MERCEDES-BENZ,E 220 CDI BREAK,GO,M 6,9.1,5.5,6.8,180,9,105.0,,,,,
SUZUKI,SAMURAI BACHE,GO,M 5,8.3,5.9,6.8,180,5,47.0,,,,,
SUZUKI,SAMURAI HARD-TOP,GO,M 5,8.3,5.9,6.8,180,5,47.0,,,,,
SUZUKI,SAMURAI LONG HARD-TOP,GO,M 5,8.3,5.9,6.8,180,5,47.0,,,,,
SUZUKI,SAMURAI LONG PICK-UP,GO,M 5,8.3,5.9,6.8,180,5,47.0,,,,,
SUZUKI,SAMURAI TOLE,GO,M 5,8.3,5.9,6.8,180,5,47.0,,,,,
TOYOTA,COROLLA 5P 1.9D,GO,M 5,8.6,5.4,6.6,180,5,51.0,,,,,
CITROEN,BERLINGO 1.9D,GO,M 5,8.7,5.8,6.9,181,5,51.0,,,,,
CITROEN,BERLINGO 1.9D,GO,M 5,8.7,5.8,6.9,181,5,51.0,,,,,
CITROEN,BERLINGO MODUTOP 1.9D,GO,M 5,8.7,5.8,6.9,181,5,51.0,,,,,
FORD,GALAXY 1.9TDi,GO,M 6,8.3,5.8,6.7,181,6,66.0,,,,,
MERCEDES-BENZ,C 270 CDI BERLINE,GO,M 6,9.7,5.1,6.8,181,10,125.0,,,,,
OPEL,ASTRA 5P 2.0DI 16V BVA CLIM,GO,A 4,8.9,5.4,6.7,181,6,60.0,,,,,
PEUGEOT,PARTNER 1.9D,GO,M 5,8.7,5.8,6.9,181,5,51.0,,,,,
RENAULT,KANGOO 1.9D,GO,M 5,8.3,5.9,6.8,181,5,47.0,,,,,
VOLKSWAGEN,BORA BREAK TDI (130ch) TIPTRONIC,GO,A 5,9.2,5.3,6.7,181,8,96.0,,,,,
VOLKSWAGEN,PASSAT TDI (100ch) BVA,GO,A 4,9.4,5.2,6.7,181,7,74.0,,,,,
VOLKSWAGEN,PASSAT TDI (100ch) BVA,GO,A 4,9.4,5.2,6.7,181,7,74.0,,,,,
VOLKSWAGEN,SHARAN TDI (90ch),GO,M 6,8.3,5.8,6.7,181,6,66.0,,,,,
CITROEN,EVASION 2.0HDi,GO,M 5,8.4,5.6,6.7,182,7,80.0,,,,,
CITROEN,JUMPY 2.0HDi,GO,M 5,8.4,5.8,6.8,182,6,69.0,,,,,
CITROEN,JUMPY 2.0HDi,GO,M 5,8.4,5.8,6.8,182,6,69.0,,,,,
LANCIA,LYBRA SW 2.4JTD,GO,M 5,9.2,5.5,6.9,182,9,103.0,,,,,
MERCEDES-BENZ,E 270 CDI BERLINE,GO,M 6,9.4,5.4,6.9,182,10,125.0,,,,,
PEUGEOT,8062.0HDi,GO,M 5,8.4,5.6,6.7,182,7,80.0,,,,,
PEUGEOT,EXPERT 2.0HDi,GO,M 5,8.4,5.8,6.8,182,6,69.0,,,,,
MERCEDES-BENZ,C 270 CDI BREAK BOITE SEQUENTRONIC,GO,M 6,9.3,5.7,6.9,183,10,125.0,,,,,
SUZUKI,BALENO 4P 1.9L TD,GO,M 5,9.1,5.7,7.0,183,6,55.0,,,,,
SUZUKI,BALENO BREAK 1.9L TD,GO,M 5,9.1,5.7,7.0,183,6,55.0,,,,,
AUDI,A42.5TDI (155ch) BV6,GO,M 6,9.7,5.3,6.8,184,9,114.0,,,,,
BMW,320d BERLINE BVA,GO,A 5,9.2,5.6,6.9,184,8,100.0,,,,,
CITROEN,EVASION 2.0HDi 16V,GO,M 5,8.8,5.9,6.9,184,7,80.0,,,,,
FIAT,ULYSSE JTD,GO,M 5,8.8,5.9,6.9,184,7,80.0,,,,,
FIAT,ULYSSE JTD,GO,M 5,8.8,5.9,6.9,184,7,80.0,,,,,
LANCIA,Z 2.0JTD 16V,GO,M 5,8.8,5.9,6.9,184,7,80.0,,,,,
LANCIA,Z 2.0JTD 16V,GO,M 5,8.8,5.9,6.9,184,7,80.0,,,,,
PEUGEOT,8062.0HDi 16V,GO,M 5,8.8,5.9,6.9,184,7,80.0,,,,,
VOLKSWAGEN,PASSAT BREAK TDI (100ch) BVA,GO,A 4,9.5,5.3,6.8,184,7,74.0,,,,,
VOLKSWAGEN,PASSAT BREAK TDI (100ch) BVA,GO,A 4,9.5,5.3,6.8,184,7,74.0,,,,,
VOLKSWAGEN,PASSAT TDI (100ch) BVA,GO,A 4,9.5,5.3,6.8,184,7,74.0,,,,,
VOLKSWAGEN,PASSAT TDI (100ch) BVA,GO,A 4,9.5,5.3,6.8,184,7,74.0,,,,,
CITROEN,C52.2HDi BVA,GO,A 4,9.8,5.4,7.0,185,8,98.0,,,,,
AUDI,A62.5L (155ch) MULTITRONIC,GO,V 0,9.2,5.6,6.9,186,9,114.0,,,,,
AUDI,A62.5L (155ch) MULTITRONIC,GO,V 0,9.2,5.6,6.9,186,9,114.0,,,,,
AUDI,A62.5TDI (155ch) BV6,GO,M 6,9.7,5.3,6.9,186,9,114.0,,,,,
AUDI,A62.5TDI (155ch) BV6,GO,M 6,9.7,5.3,6.9,186,9,114.0,,,,,
AUDI,A62.5TDI (155ch) MULTITRONIC,GO,V 0,9.2,5.6,6.9,186,9,114.0,,,,,
AUDI,A6AVANT 2.5L (155ch) BV6,GO,M 6,9.7,5.3,6.9,186,9,114.0,,,,,
AUDI,A6AVANT 2.5L (155ch) BV6,GO,M 6,9.7,5.3,6.9,186,9,114.0,,,,,
AUDI,A6AVANT 2.5L (155ch) MULTITRONIC,GO,V 0,8.2,5.6,6.9,186,9,114.0,,,,,
BMW,330d TOURING,GO,M 5,9.6,5.5,7.0,186,11,135.0,,,,,
BMW,330d TOURING,GO,M 5,9.6,5.5,7.0,186,11,135.0,,,,,
CITROEN,JUMPY 2.0HDi 16V,GO,M 5,8.9,6.0,7.0,186,7,80.0,,,,,
CITROEN,JUMPY 2.0HDi 16V,GO,M 5,8.9,6.0,7.0,186,7,80.0,,,,,
CITROEN,JUMPY 2.0HDi 16V,GO,M 5,8.9,6.0,7.0,186,7,80.0,,,,,
CITROEN,JUMPY 2.0HDi 16V,GO,M 5,8.9,6.0,7.0,186,7,80.0,,,,,
OPEL,ASTRA BREAK 2.0DI 16V BVA CLIM,GO,A 4,9.0,5.6,6.9,186,6,60.0,,,,,
PEUGEOT,EXPERT 2.0HDi 16V,GO,M 5,8.9,6.0,7.0,186,7,80.0,,,,,
PEUGEOT,EXPERT 2.0HDi 16V,GO,M 5,8.9,6.0,7.0,186,7,80.0,,,,,
PEUGEOT,EXPERT 2.0HDi 16V,GO,M 5,8.9,6.0,7.0,186,7,80.0,,,,,
PEUGEOT,EXPERT 2.0HDi 16V,GO,M 5,8.9,6.0,7.0,186,7,80.0,,,,,
VOLKSWAGEN,PASSAT BREAK TDI (100ch) BVA,GO,A 4,9.6,5.4,6.9,186,7,74.0,,,,,
VOLKSWAGEN,PASSAT BREAK TDI (100ch) BVA,GO,A 4,9.6,5.4,6.9,186,7,74.0,,,,,
VOLKSWAGEN,PASSAT TDI (100ch) BVA,GO,A 4,9.6,5.4,6.9,186,7,74.0,,,,,
VOLKSWAGEN,PASSAT TDI (100ch) BVA,GO,A 4,9.6,5.4,6.9,186,7,74.0,,,,,
VOLKSWAGEN,PASSAT V6 TDI,GO,M 6,9.9,5.3,6.9,186,9,110.0,,,,,
VOLKSWAGEN,PASSAT V6 TDI,GO,M 6,9.9,5.3,6.9,186,9,110.0,,,,,
BMW,525d TOURING,GO,M 5,9.5,5.6,7.0,187,10,120.0,,,,,
CITROEN,C5BREAK 2.2HDi BVA,GO,A 4,9.9,5.4,7.1,187,8,98.0,,,,,
CITROEN,JUMPY 2.0HDi,GO,M 5,8.7,5.9,7.0,187,7,69.0,,,,,
CITROEN,JUMPY 2.0HDi,GO,M 5,8.7,5.9,7.0,187,7,69.0,,,,,
MERCEDES-BENZ,E 270 CDI BREAK,GO,M 6,9.6,5.6,7.1,187,10,125.0,,,,,
PEUGEOT,EXPERT 2.0HDi,GO,M 5,8.7,5.9,7.0,187,7,69.0,,,,,
MERCEDES-BENZ,E 220 CDI BREAK BVA,GO,A 5,9.4,5.7,7.1,188,9,105.0,,,,,
NISSAN,PRIMERA BREAK 2.0TD,GO,M 5,8.9,6.0,7.1,188,6,66.0,,,,,
AUDI,A42.5TDI (155ch) BV6,GO,M 6,9.8,5.4,7.0,189,10,114.0,,,,,
BMW,530d BERLINE,GO,M 5,9.7,5.6,7.1,189,12,142.0,,,,,
MERCEDES-BENZ,C 200 CDI BREAK BVA,GO,A 5,9.8,5.6,7.1,189,8,85.0,,,,,
MERCEDES-BENZ,C 220 CDI BREAK BVA,GO,A 5,9.8,5.6,7.1,189,9,105.0,,,,,
MERCEDES-BENZ,C 270 CDI BERLINE BVA,GO,A 5,9.8,5.6,7.1,189,10,125.0,,,,,
MERCEDES-BENZ,C 270 CDI BREAK,GO,M 6,9.7,5.6,7.1,189,10,125.0,,,,,
MERCEDES-BENZ,E 270 CDI BERLINE BVA,GO,A 5,9.6,5.7,7.2,189,10,125.0,,,,,
RENAULT,ESPACE 2.2dCi (115ch),GO,M 5,8.8,6.1,7.1,189,7,84.0,,,,,
RENAULT,ESPACE 2.2dCi (130ch),GO,M 5,8.8,6.1,7.1,189,8,95.0,,,,,
RENAULT,GRAND ESPACE 2.2dCi (115ch),GO,M 5,8.8,6.1,7.1,189,7,84.0,,,,,
RENAULT,GRAND ESPACE 2.2dCi (130ch),GO,M 5,8.8,6.1,7.1,189,8,95.0,,,,,
VOLKSWAGEN,PASSAT BREAK TDI (100ch) BVA,GO,A 4,9.7,5.5,7.0,189,7,74.0,,,,,
VOLKSWAGEN,PASSAT BREAK TDI (100ch) BVA,GO,A 4,9.7,5.5,7.0,189,7,74.0,,,,,
VOLKSWAGEN,PASSAT BREAK V6 TDI,GO,M 6,10.0,5.3,7.0,189,9,110.0,,,,,
VOLKSWAGEN,PASSAT BREAK V6 TDI,GO,M 6,10.0,5.3,7.0,189,9,110.0,,,,,
VOLKSWAGEN,PASSAT TDI (130ch) TIPTRONIC,GO,A 5,9.9,5.4,7.0,189,8,96.0,,,,,
VOLKSWAGEN,PASSAT TDI (130ch) TIPTRONIC,GO,A 5,9.9,5.4,7.0,189,8,96.0,,,,,
VOLKSWAGEN,PASSAT V6 TDI,GO,M 6,10.0,5.4,7.0,189,9,110.0,,,,,
VOLKSWAGEN,PASSAT V6 TDI,GO,M 6,10.0,5.4,7.0,189,9,110.0,,,,,
BMW,320d TOURING BVA,GO,A 5,9.6,5.7,7.1,190,9,100.0,,,,,
NISSAN,X-TRAIL 2.2VDi,GO,M 6,9.2,6.0,7.2,190,7,84.0,,,,,
ROVER,ROVER 75 DIESEL CD BVA,GO,A 5,10.0,5.2,6.9,190,8,85.0,,,,,
ROVER,ROVER 75 DIESEL CG BVA,GO,A 5,10.0,5.2,6.9,190,8,85.0,,,,,
ROVER,ROVER 75 TOURER DIESEL CD BVA,GO,A 5,10.0,5.2,6.9,190,8,85.0,,,,,
ROVER,ROVER 75 TOURER DIESEL CG BVA,GO,A 5,10.0,5.2,6.9,190,8,85.0,,,,,
SUZUKI,GRAND VITARA 5P 2.0L TD 'COMMON RAIL',GO,M 5,8.0,5.8,6.6,190,7,80.0,,,,,
TOYOTA,RAV4 3P 2.0TD4D,GO,M 5,8.9,6.1,7.1,190,8,85.0,,,,,
TOYOTA,RAV4 5P 2.0TD4D,GO,M 5,8.9,6.1,7.1,190,8,85.0,,,,,
FIAT,DOBLO 1.9D,GO,M 5,9.2,6.0,7.2,191,5,46.0,,,,,
FORD,KOMBI 2.0TD TRACTION (100ch),GO,M 5,8.7,6.4,7.2,191,7,73.6,,,,,
FORD,KOMBI 2.0TD TRACTION (100ch),GO,M 5,8.7,6.4,7.2,191,7,73.6,,,,,
FORD,KOMBI 2.0TD TRACTION (100ch),GO,M 5,8.7,6.4,7.2,191,7,73.6,,,,,
FORD,TOURNEO 2.0TD TRACTION (100ch),GO,M 5,8.7,6.4,7.2,191,7,73.6,,,,,
TOYOTA,PREVIA 2.0TD4D,GO,M 5,9.0,6.1,7.2,191,8,85.0,,,,,
TOYOTA,PREVIA 2.0TD4D 7PL,GO,M 5,9.0,6.1,7.2,191,8,85.0,,,,,
AUDI,A6AVANT 2.5L (155ch) BV6,GO,M 6,9.9,5.5,7.1,192,10,114.0,,,,,
AUDI,A6AVANT 2.5L (155ch) MULTITRONIC,GO,V 0,9.4,5.8,7.1,192,10,114.0,,,,,
AUDI,A6AVANT 2.5L (155ch) MULTITRONIC,GO,V 0,9.4,5.8,7.1,192,10,114.0,,,,,
HYUNDAI,TRAJET 2.0L CRDi GLS Confort,GO,M 5,9.3,6.0,7.2,192,7,82.5,,,,,
OPEL,OMEGA 2.2DTI 16V,GO,M 5,9.6,5.6,7.1,192,7,81.0,,,,,
VOLKSWAGEN,PASSAT BREAK TDI (130ch) TIPTRONIC,GO,A 5,10.0,5.6,7.1,192,8,96.0,,,,,
VOLKSWAGEN,PASSAT BREAK TDI (130ch) TIPTRONIC,GO,A 5,10.0,5.6,7.1,192,8,96.0,,,,,
VOLKSWAGEN,PASSAT BREAK V6 TDI,GO,M 6,10.1,5.4,7.1,192,9,110.0,,,,,
VOLKSWAGEN,PASSAT BREAK V6 TDI,GO,M 6,10.1,5.4,7.1,192,9,110.0,,,,,
VOLKSWAGEN,PASSAT TDI (130ch) TIPTRONIC,GO,A 5,10.0,5.5,7.1,192,8,96.0,,,,,
VOLKSWAGEN,PASSAT TDI (130ch) TIPTRONIC,GO,A 5,10.0,5.5,7.1,192,8,96.0,,,,,
VOLKSWAGEN,SHARAN TDI (115ch) 4MOTION,GO,M 6,9.1,5.9,7.1,192,8,85.0,,,,,
VOLKSWAGEN,SHARAN TDI (115ch) 4MOTION,GO,M 6,9.1,5.9,7.1,192,8,85.0,,,,,
VOLKSWAGEN,SHARAN TDI (115ch) 4MOTION,GO,M 6,9.1,5.9,7.1,192,8,85.0,,,,,
AUDI,A82.5TDI (180ch) BV6,GO,M 6,10.3,5.4,7.2,193,11,132.0,,,,,
MERCEDES-BENZ,E 270 CDI BREAK BVA,GO,A 5,9.8,5.9,7.3,193,10,125.0,,,,,
PEUGEOT,6072.2HDi FAP BVA,GO,A 4,9.8,5.8,7.2,193,8,98.0,,,,,
BMW,530d TOURING,GO,M 5,9.6,5.9,7.3,194,12,142.0,,,,,
FORD,GALAXY 1.9TDi BVA,GO,A 5,9.3,5.9,7.2,194,8,85.0,,,,,
VOLKSWAGEN,PASSAT BREAK TDI (130ch) TIPTRONIC,GO,A 5,10.1,5.7,7.2,194,8,96.0,,,,,
VOLKSWAGEN,PASSAT BREAK TDI (130ch) TIPTRONIC,GO,A 5,10.1,5.7,7.2,194,8,96.0,,,,,
VOLKSWAGEN,PASSAT BREAK V6 TDI,GO,M 6,10.2,5.5,7.2,194,9,110.0,,,,,
VOLKSWAGEN,PASSAT BREAK V6 TDI,GO,M 6,10.2,5.5,7.2,194,9,110.0,,,,,
VOLKSWAGEN,PASSAT TDI (130ch) TIPTRONIC,GO,A 5,10.1,5.6,7.2,194,8,96.0,,,,,
VOLKSWAGEN,PASSAT TDI (130ch) TIPTRONIC,GO,A 5,10.1,5.6,7.2,194,8,96.0,,,,,
VOLKSWAGEN,SHARAN TDI (115ch) TIPTRONIC,GO,A 5,9.3,5.9,7.2,194,8,85.0,,,,,
VOLKSWAGEN,SHARAN TDI (115ch) TIPTRONIC,GO,A 5,9.3,5.9,7.2,194,8,85.0,,,,,
VOLKSWAGEN,SHARAN TDI (115ch) TIPTRONIC,GO,A 5,9.3,5.9,7.2,194,8,85.0,,,,,
AUDI,A82.5TDI (180ch) BV6,GO,M 6,10.4,5.5,7.3,196,11,132.0,,,,,
RENAULT,KANGOO 4X4 1.9dCi,GO,M 5,9.3,6.3,7.4,196,6,59.0,,,,,
SUZUKI,BALENO 4P 1.9L TD,GO,M 5,9.1,6.2,7.3,196,6,55.0,,,,,
SUZUKI,BALENO BREAK 1.9L TD,GO,M 5,9.1,6.2,7.3,196,6,55.0,,,,,
OPEL,OMEGA BREAK 2.2DTI 16V,GO,M 5,9.8,5.8,7.3,197,7,81.0,,,,,
RENAULT,SCENIC RX4 1.9dCi,GO,M 5,8.9,6.6,7.4,197,7,75.0,,,,,
SAAB,37385BERLINE 3.0V6 TiD (176ch),GO,M 5,10.1,5.9,7.4,197,11,130.0,,,,,
SEAT,ALHAMBRA TDI (115ch) 4,GO,M 6,9.3,6.1,7.3,197,8,85.0,,,,,
VOLKSWAGEN,CARAVELLE COURTE TDI (150ch),GO,M 5,9.4,6.1,7.3,197,9,111.0,,,,,
VOLKSWAGEN,CARAVELLE COURTE TDI (150ch),GO,M 5,9.4,6.1,7.3,197,9,111.0,,,,,
VOLKSWAGEN,SHARAN TDI (115ch) 4MOTION,GO,M 6,9.3,6.1,7.3,197,8,85.0,,,,,
VOLKSWAGEN,SHARAN TDI (115ch) 4MOTION,GO,M 6,9.3,6.1,7.3,197,8,85.0,,,,,
VOLKSWAGEN,SHARAN TDI (115ch) 4MOTION,GO,M 6,9.3,6.1,7.3,197,8,85.0,,,,,
MERCEDES-BENZ,C 270 CDI BREAK BVA,GO,A 5,9.9,6.0,7.4,198,11,125.0,,,,,
FORD,GALAXY 1.9TDi BVA,GO,A 5,9.5,6.1,7.4,200,8,85.0,,,,,
SEAT,ALHAMBRA 1.9TDI (115ch) TIPTRONIC,GO,A 5,9.5,6.1,7.4,200,8,85.0,,,,,
VOLKSWAGEN,SHARAN TDI (115ch) TIPTRONIC,GO,A 5,9.5,6.1,7.4,200,8,85.0,,,,,
VOLKSWAGEN,SHARAN TDI (115ch) TIPTRONIC,GO,A 5,9.5,6.1,7.4,200,8,85.0,,,,,
VOLKSWAGEN,SHARAN TDI (115ch) TIPTRONIC,GO,A 5,9.5,6.1,7.4,200,8,85.0,,,,,
ALFA-ROMEO,1662.4JTD,GO,M 6,10.4,6.0,7.6,201,9,103.0,,,,,
BMW,330d BERLINE,GO,M 5,10.1,6.2,7.6,202,11,135.0,,,,,
BMW,330xd BERLINE,GO,M 5,10.1,6.2,7.6,202,11,135.0,,,,,
FORD,KOMBI 2.0TD TRACTION (85ch),GO,M 5,9.4,6.7,7.7,202,7,62.5,,,,,
FORD,KOMBI 2.0TD TRACTION (85ch),GO,M 5,9.4,6.7,7.7,202,7,62.5,,,,,
FORD,KOMBI 2.0TD TRACTION (85ch),GO,M 5,9.4,6.7,7.7,202,7,62.5,,,,,
FORD,TOURNEO 2.0TD TRACTION (85ch),GO,M 5,9.4,6.7,7.7,202,7,62.5,,,,,
HYUNDAI,SANTA FE 2.0L CRDi 4WD GLS Confort,GO,M 5,9.5,6.5,7.6,202,8,82.5,,,,,
SAAB,37385ESTATE 3.0V6 TiD (176ch),GO,M 5,10.3,6.0,7.6,202,11,130.0,,,,,
HYUNDAI,SANTA FE 2.0L CRDi 2WD GLS Confort,GO,M 5,10.0,6.3,7.6,203,8,82.5,,,,,
VOLKSWAGEN,CARAVELLE COURTE TDI (150ch),GO,M 5,9.6,6.3,7.5,203,10,111.0,,,,,
VOLKSWAGEN,CARAVELLE COURTE TDI (150ch),GO,M 5,9.6,6.3,7.5,203,10,111.0,,,,,
VOLKSWAGEN,CARAVELLE COURTE TDI (150ch),GO,M 5,9.6,6.3,7.5,203,10,111.0,,,,,
VOLKSWAGEN,CARAVELLE COURTE TDI (150ch),GO,M 5,9.6,6.3,7.5,203,10,111.0,,,,,
VOLKSWAGEN,CARAVELLE LONGUE TDI (150ch),GO,M 5,9.6,6.3,7.5,203,10,111.0,,,,,
VOLKSWAGEN,CARAVELLE LONGUE TDI (150ch),GO,M 5,9.6,6.3,7.5,203,10,111.0,,,,,
VOLKSWAGEN,MULTIVAN TDI (150ch),GO,M 5,9.6,6.3,7.5,203,10,111.0,,,,,
VOLKSWAGEN,MULTIVAN TOIT RELEVABLE TDI (150ch),GO,M 5,9.6,6.3,7.5,203,10,111.0,,,,,
VOLKSWAGEN,SHARAN TDI (115ch) 4MOTION,GO,M 6,9.5,6.3,7.5,203,8,85.0,,,,,
VOLKSWAGEN,SHARAN TDI (115ch) 4MOTION,GO,M 6,9.5,6.3,7.5,203,8,85.0,,,,,
VOLKSWAGEN,SHARAN TDI (115ch) 4MOTION,GO,M 6,9.5,6.3,7.5,203,8,85.0,,,,,
FIAT,DOBLO 1.9D,GO,M 5,9.9,6.5,7.7,204,6,46.0,,,,,
FORD,GALAXY 1.9TDi BVA,GO,A 5,9.7,6.3,7.6,205,8,85.0,,,,,
LAND ROVER,FREELANDER Td4 3P,GO,M 5,9.1,6.7,7.6,205,8,82.0,,,,,
LAND ROVER,FREELANDER Td4 5P,GO,M 5,9.1,6.7,7.6,205,8,82.0,,,,,
OPEL,OMEGA 2.5DTI 24V,GO,M 5,10.1,6.1,7.6,205,10,110.0,,,,,
OPEL,OMEGA 2.5DTI 24V,GO,M 5,10.1,6.1,7.6,205,10,110.0,,,,,
OPEL,VIVARO COMBI 1.9DI,GO,M 5,9.3,6.8,7.7,205,6,60.0,,,,,
OPEL,VIVARO COMBI 1.9DI,GO,M 5,9.3,6.8,7.7,205,6,60.0,,,,,
OPEL,VIVARO COMBI 1.9DTI,GO,M 6,9.3,6.8,7.7,205,7,74.0,,,,,
OPEL,VIVARO COMBI 1.9DTI,GO,M 6,9.3,6.8,7.7,205,7,74.0,,,,,
VOLKSWAGEN,SHARAN TDI (115ch) TIPTRONIC,GO,A 5,9.7,6.3,7.6,205,8,85.0,,,,,
VOLKSWAGEN,SHARAN TDI (115ch) TIPTRONIC,GO,A 5,9.7,6.3,7.6,205,8,85.0,,,,,
VOLKSWAGEN,SHARAN TDI (115ch) TIPTRONIC,GO,A 5,9.7,6.3,7.6,205,8,85.0,,,,,
BMW,330d TOURING,GO,M 5,10.3,6.3,7.8,207,12,135.0,,,,,
BMW,330xd TOURING,GO,M 5,10.3,6.3,7.8,207,12,135.0,,,,,
MERCEDES-BENZ,E 320 CDI BERLINE BVA,GO,A 5,11.1,5.9,7.8,207,12,145.0,,,,,
MERCEDES-BENZ,V 220 CDI,GO,M 5,10.2,6.6,7.9,208,8,90.0,,,,,
VOLKSWAGEN,CARAVELLE COURTE TDI (102ch),GO,M 5,9.7,6.6,7.7,208,7,75.0,,,,,
VOLKSWAGEN,CARAVELLE COURTE TDI (102ch),GO,M 5,9.7,6.6,7.7,208,7,75.0,,,,,
VOLKSWAGEN,CARAVELLE LONGUE TDI (102ch),GO,M 5,9.7,6.6,7.7,208,7,75.0,,,,,
VOLKSWAGEN,COMBI COURT TDI (102ch),GO,M 5,9.7,6.6,7.7,208,7,75.0,,,,,
VOLKSWAGEN,COMBI COURT TDI (102ch),GO,M 5,9.7,6.6,7.7,208,7,75.0,,,,,
VOLKSWAGEN,COMBI LONG TDI (102ch),GO,M 5,9.7,6.6,7.7,208,7,75.0,,,,,
VOLKSWAGEN,MULTIVAN TDI (150ch),GO,M 5,9.8,6.5,7.7,208,10,111.0,,,,,
VOLKSWAGEN,MULTIVAN TOIT RELEVABLE TDI (150ch),GO,M 5,9.8,6.5,7.7,208,10,111.0,,,,,
VOLKSWAGEN,SHARAN TDI (115ch) 4MOTION,GO,M 6,9.7,6.5,7.7,208,8,85.0,,,,,
MERCEDES-BENZ,E 320 CDI BREAK BVA,GO,A 5,11.3,5.9,7.9,209,12,145.0,,,,,
CHRYSLER,GRAND VOYAGER 2.5L CRD,GO,M 5,9.7,6.5,7.7,210,9,104.0,,,,,
CHRYSLER,GRAND VOYAGER 2.5L CRD,GO,M 5,9.7,6.5,7.7,210,9,104.0,,,,,
CHRYSLER,GRAND VOYAGER 2.5L CRD,GO,M 5,9.7,6.5,7.7,210,9,104.0,,,,,
CHRYSLER,VOYAGER 2.5L CRD,GO,M 5,9.7,6.5,7.7,210,9,104.0,,,,,
CHRYSLER,VOYAGER 2.5L CRD,GO,M 5,9.7,6.5,7.7,210,9,104.0,,,,,
AUDI,A42.5TDI (180ch) QUATTRO BV6,GO,M 6,11.1,5.9,7.8,211,11,132.0,,,,,
CITROEN,JUMPY 1.9D,GO,M 5,10.1,6.6,7.9,211,6,51.0,,,,,
CITROEN,JUMPY 1.9D,GO,M 5,10.1,6.6,7.9,211,6,51.0,,,,,
CITROEN,JUMPY 1.9D,GO,M 5,10.1,6.6,7.9,211,6,51.0,,,,,
CITROEN,JUMPY 1.9D,GO,M 5,10.1,6.6,7.9,211,6,51.0,,,,,
FORD,GALAXY 1.9TDi BVA,GO,A 5,9.9,6.5,7.8,211,8,85.0,,,,,
OPEL,OMEGA BREAK 2.5DTI 24V,GO,M 5,10.4,6.3,7.8,211,10,110.0,,,,,
OPEL,OMEGA BREAK 2.5DTI 24V,GO,M 5,10.4,6.3,7.8,211,10,110.0,,,,,
PEUGEOT,EXPERT 1.9D,GO,M 5,10.1,6.6,7.9,211,6,51.0,,,,,
VOLKSWAGEN,PASSAT V6 TDI TIPTRONIC,GO,A 5,11.4,6.0,7.8,211,10,110.0,,,,,
VOLKSWAGEN,PASSAT V6 TDI TIPTRONIC,GO,A 5,11.4,6.0,7.8,211,10,110.0,,,,,
VOLKSWAGEN,SHARAN TDI (115ch) TIPTRONIC,GO,A 5,9.9,6.5,7.8,211,8,85.0,,,,,
VOLKSWAGEN,SHARAN TDI (115ch) TIPTRONIC,GO,A 5,9.9,6.5,7.8,211,8,85.0,,,,,
VOLKSWAGEN,SHARAN TDI (115ch) TIPTRONIC,GO,A 5,9.9,6.5,7.8,211,8,85.0,,,,,
MERCEDES-BENZ,S 320 CDI BERLINE BVA,GO,A 5,11.4,6.0,8.0,212,13,145.0,,,,,
AUDI,A42.5TDI (180ch) QUATTRO BV6,GO,M 6,11.2,6.0,7.9,213,11,132.0,,,,,
BMW,330d BERLINE BVA,GO,A 5,11.1,6.2,8.0,213,12,135.0,,,,,
BMW,330d BERLINE BVA,GO,A 5,11.1,6.2,8.0,213,12,135.0,,,,,
OPEL,MOVANO COMBI 1.9DTI,GO,M 5,9.9,6.9,8.0,213,7,60.0,,,,,
VOLKSWAGEN,CARAVELLE COURTE TDI (102ch),GO,M 5,9.9,6.8,7.9,213,7,75.0,,,,,
VOLKSWAGEN,CARAVELLE COURTE TDI (102ch),GO,M 5,9.9,6.8,7.9,213,7,75.0,,,,,
VOLKSWAGEN,CARAVELLE COURTE TDI (102ch),GO,M 5,9.9,6.8,7.9,213,7,75.0,,,,,
VOLKSWAGEN,CARAVELLE COURTE TDI (102ch),GO,M 5,9.9,6.8,7.9,213,7,75.0,,,,,
VOLKSWAGEN,CARAVELLE COURTE TDI (88ch),GO,M 5,9.9,6.7,7.9,213,7,65.0,,,,,
VOLKSWAGEN,CARAVELLE COURTE TDI (88ch),GO,M 5,9.9,6.7,7.9,213,7,65.0,,,,,
VOLKSWAGEN,CARAVELLE LONGUE TDI (102ch),GO,M 5,9.9,6.8,7.9,213,7,75.0,,,,,
VOLKSWAGEN,CARAVELLE LONGUE TDI (102ch),GO,M 5,9.9,6.8,7.9,213,7,75.0,,,,,
VOLKSWAGEN,CARAVELLE LONGUE TDI (88ch),GO,M 5,9.9,6.7,7.9,213,7,65.0,,,,,
VOLKSWAGEN,COMBI COURT TDI (102ch),GO,M 5,9.9,6.8,7.9,213,7,75.0,,,,,
VOLKSWAGEN,COMBI COURT TDI (88ch),GO,M 5,9.9,6.7,7.9,213,7,65.0,,,,,
VOLKSWAGEN,COMBI COURT TDI (88ch),GO,M 5,9.9,6.7,7.9,213,7,65.0,,,,,
VOLKSWAGEN,COMBI LONG TDI (102ch),GO,M 5,9.9,6.8,7.9,213,7,75.0,,,,,
VOLKSWAGEN,COMBI LONG TDI (102ch),GO,M 5,9.9,6.8,7.9,213,7,75.0,,,,,
VOLKSWAGEN,COMBI LONG TDI (88ch),GO,M 5,9.9,6.7,7.9,213,7,65.0,,,,,
VOLKSWAGEN,MULTIVAN TDI (102ch),GO,M 5,9.9,6.8,7.9,213,7,75.0,,,,,
VOLKSWAGEN,MULTIVAN TDI (102ch),GO,M 5,9.9,6.8,7.9,213,7,75.0,,,,,
VOLKSWAGEN,MULTIVAN TOIT RELEVABLE TDI (102ch),GO,M 5,9.9,6.8,7.9,213,7,75.0,,,,,
VOLKSWAGEN,PASSAT V6 TDI 4MOTION,GO,M 6,11.2,6.0,7.9,213,10,110.0,,,,,
VOLKSWAGEN,PASSAT V6 TDI 4MOTION,GO,M 6,11.2,6.0,7.9,213,10,110.0,,,,,
AUDI,A62.5TDI (180ch) QUATTRO BV6,GO,M 6,11.2,6.3,8.0,216,12,132.0,,,,,
AUDI,A62.5TDI (180ch) QUATTRO BV6,GO,M 6,11.2,6.3,8.0,216,12,132.0,,,,,
AUDI,A62.5TDI (180ch) QUATTRO BV6,GO,M 6,11.2,6.3,8.0,216,12,132.0,,,,,
AUDI,A6AVANT 2.5TDI (180ch) QUATTRO BV6,GO,M 6,11.2,6.3,8.0,216,12,132.0,,,,,
AUDI,A6AVANT 2.5TDI (180ch) QUATTRO BV6,GO,M 6,11.2,6.3,8.0,216,12,132.0,,,,,
AUDI,A6AVANT 2.5TDI (180ch) QUATTRO BV6,GO,M 6,11.2,6.3,8.0,216,12,132.0,,,,,
BMW,330d TOURING BVA,GO,A 5,11.3,6.3,8.1,216,12,135.0,,,,,
BMW,330d TOURING BVA,GO,A 5,11.3,6.3,8.1,216,12,135.0,,,,,
BMW,525d BERLINE BVA,GO,A 5,11.1,6.4,8.1,216,11,120.0,,,,,
VOLKSWAGEN,COMBI LONG SURLV TDI (102ch),GO,M 5,9.8,6.9,8.0,216,8,75.0,,,,,
VOLKSWAGEN,PASSAT BREAK V6 TDI 4MOTION,GO,M 6,11.3,6.1,8.0,216,10,110.0,,,,,
VOLKSWAGEN,PASSAT BREAK V6 TDI 4MOTION,GO,M 6,11.3,6.1,8.0,216,10,110.0,,,,,
VOLKSWAGEN,PASSAT V6 TDI 4MOTION,GO,M 6,11.3,6.1,8.0,216,10,110.0,,,,,
VOLKSWAGEN,PASSAT V6 TDI 4MOTION,GO,M 6,11.3,6.1,8.0,216,10,110.0,,,,,
VOLKSWAGEN,PASSAT V6 TDI TIPTRONIC,GO,A 5,11.5,6.1,8.0,216,10,110.0,,,,,
VOLKSWAGEN,PASSAT V6 TDI TIPTRONIC,GO,A 5,11.5,6.1,8.0,216,10,110.0,,,,,
FORD,KOMBI 2.0TD TRACTION (75ch),GO,M 5,10.0,7.2,8.2,217,6,55.2,,,,,
FORD,KOMBI 2.0TD TRACTION (75ch),GO,M 5,10.0,7.2,8.2,217,6,55.2,,,,,
FORD,KOMBI 2.0TD TRACTION (75ch),GO,M 5,10.0,7.2,8.2,217,6,55.2,,,,,
FORD,TOURNEO 2.0TD TRACTION (75ch),GO,M 5,10.0,7.2,8.2,217,6,55.2,,,,,
AUDI,A62.5L (180ch) TIPTRONIC,GO,A 5,11.3,6.2,8.1,219,12,132.0,,,,,
AUDI,A6AVANT 2.5TDI (180ch) QUATTRO BV6,GO,M 6,11.3,6.4,8.1,219,12,132.0,,,,,
AUDI,A6AVANT 2.5TDI (180ch) QUATTRO BV6,GO,M 6,11.3,6.4,8.1,219,12,132.0,,,,,
AUDI,A6AVANT 2.5TDI (180ch) QUATTRO BV6,GO,M 6,11.3,6.4,8.1,219,12,132.0,,,,,
BMW,525d TOURING BVA,GO,A 5,11.5,6.3,8.2,219,11,120.0,,,,,
VOLKSWAGEN,CARAVELLE COURTE TDI (88ch),GO,M 5,10.1,6.9,8.1,219,7,65.0,,,,,
VOLKSWAGEN,CARAVELLE COURTE TDI (88ch),GO,M 5,10.1,6.9,8.1,219,7,65.0,,,,,
VOLKSWAGEN,CARAVELLE COURTE TDI (88ch),GO,M 5,10.1,6.9,8.1,219,7,65.0,,,,,
VOLKSWAGEN,CARAVELLE COURTE TDI (88ch),GO,M 5,10.1,6.9,8.1,219,7,65.0,,,,,
VOLKSWAGEN,CARAVELLE LONGUE TDI (88ch),GO,M 5,10.1,6.9,8.1,219,7,65.0,,,,,
VOLKSWAGEN,CARAVELLE LONGUE TDI (88ch),GO,M 5,10.1,6.9,8.1,219,7,65.0,,,,,
VOLKSWAGEN,COMBI COURT TDI (88ch),GO,M 5,10.1,6.9,8.1,219,7,65.0,,,,,
VOLKSWAGEN,COMBI LONG TDI (88ch),GO,M 5,10.1,6.9,8.1,219,7,65.0,,,,,
VOLKSWAGEN,COMBI LONG TDI (88ch),GO,M 5,10.1,6.9,8.1,219,7,65.0,,,,,
VOLKSWAGEN,MULTIVAN TDI (102ch),GO,M 5,10.1,7.0,8.1,219,8,75.0,,,,,
VOLKSWAGEN,MULTIVAN TDI (88ch),GO,M 5,10.1,6.9,8.1,219,7,65.0,,,,,
VOLKSWAGEN,MULTIVAN TDI (88ch),GO,M 5,10.1,6.9,8.1,219,7,65.0,,,,,
VOLKSWAGEN,MULTIVAN TOIT RELEVABLE TDI (102ch),GO,M 5,10.1,7.0,8.1,219,8,75.0,,,,,
VOLKSWAGEN,MULTIVAN TOIT RELEVABLE TDI (88ch),GO,M 5,10.1,6.9,8.1,219,7,65.0,,,,,
VOLKSWAGEN,PASSAT BREAK V6 TDI 4MOTION,GO,M 6,11.4,6.2,8.1,219,10,110.0,,,,,
VOLKSWAGEN,PASSAT BREAK V6 TDI 4MOTION,GO,M 6,11.4,6.2,8.1,219,10,110.0,,,,,
VOLKSWAGEN,PASSAT V6 TDI TIPTRONIC,GO,A 5,11.6,6.2,8.1,219,10,110.0,,,,,
VOLKSWAGEN,PASSAT V6 TDI TIPTRONIC,GO,A 5,11.6,6.2,8.1,219,10,110.0,,,,,
MERCEDES-BENZ,S 320 CDI LIMOUSINE BVA,GO,A 5,11.8,6.2,8.3,220,13,145.0,,,,,
AUDI,A62.5L (180ch) TIPTRONIC,GO,A 5,11.4,6.3,8.2,221,12,132.0,,,,,
AUDI,A6AVANT 2.5L (180ch) TIPTRONIC,GO,A 5,11.4,6.3,8.2,221,12,132.0,,,,,
AUDI,A6AVANT 2.5L (180ch) TIPTRONIC,GO,A 5,11.4,6.3,8.2,221,12,132.0,,,,,
AUDI,A82.5TDI (180ch) TIPTRONIC,GO,A 5,11.8,6.1,8.2,221,12,132.0,,,,,
BMW,530d BERLINE BVA,GO,A 5,11.8,6.3,8.3,221,13,142.0,,,,,
VOLKSWAGEN,COMBI LONG SURLV TDI (102ch),GO,M 5,10.0,7.1,8.2,221,8,75.0,,,,,
VOLKSWAGEN,COMBI LONG SURLV TDI (102ch),GO,M 5,10.0,7.1,8.2,221,8,75.0,,,,,
VOLKSWAGEN,PASSAT BREAK V6 TDI 4MOTION,GO,M 6,11.5,6.3,8.2,221,10,110.0,,,,,
VOLKSWAGEN,PASSAT BREAK V6 TDI 4MOTION,GO,M 6,11.5,6.3,8.2,221,10,110.0,,,,,
CARBODIES,TX1,GO,M 5,10.7,7.1,8.4,222,7,58.2,,,,,
CARBODIES,TX1,GO,M 5,10.7,7.1,8.4,222,7,58.2,,,,,
CARBODIES,TX1,GO,M 5,10.7,7.1,8.4,222,7,58.2,,,,,
CARBODIES,TX1,GO,M 5,10.7,7.1,8.4,222,7,58.2,,,,,
KIA,CARNIVAL BREAK 7PL D,GO,M 5,10.9,6.8,8.3,222,9,93.0,,,,,
MERCEDES-BENZ,V 220 CDI BVA,GO,A 4,10.9,7.0,8.4,222,9,90.0,,,,,
AUDI,A82.5TDI (180ch) TIPTRONIC,GO,A 5,11.9,6.2,8.3,224,12,132.0,,,,,
VOLKSWAGEN,COMBI LONG SURLV TDI (88ch),GO,M 5,10.2,7.1,8.3,224,7,65.0,,,,,
VOLKSWAGEN,MULTIVAN TDI (88ch),GO,M 5,10.3,7.1,8.3,224,7,65.0,,,,,
VOLKSWAGEN,MULTIVAN TOIT RELEVABLE TDI (88ch),GO,M 5,10.3,7.1,8.3,224,7,65.0,,,,,
VOLKSWAGEN,PASSAT BREAK V6 TDI TIPTRONIC,GO,A 5,11.7,6.4,8.3,224,10,110.0,,,,,
VOLKSWAGEN,PASSAT BREAK V6 TDI TIPTRONIC,GO,A 5,11.7,6.4,8.3,224,10,110.0,,,,,
DAEWOO,KORANDO 2.3 SLTD,GO,M 5,11.5,6.4,8.2,225,8,74.0,,,,,
SSANGYONG,KORANDO 2.3 SLTD,GO,M 5,11.5,6.4,8.2,225,8,74.0,,,,,
BMW,530d TOURING BVA,GO,A 5,11.6,6.7,8.5,226,13,142.0,,,,,
HYUNDAI,TERRACAN 2.9L CRD Confort,GO,M 5,10.5,7.5,8.6,227,10,110.0,,,,,
VOLKSWAGEN,PASSAT BREAK V6 TDI TIPTRONIC,GO,A 5,11.8,6.5,8.4,227,10,110.0,,,,,
VOLKSWAGEN,PASSAT BREAK V6 TDI TIPTRONIC,GO,A 5,11.8,6.5,8.4,227,10,110.0,,,,,
CITROEN,JUMPER COMBI COURT 10Q 2.0HDi,GO,M 5,10.2,7.8,8.7,230,7,62.0,,,,,
CITROEN,JUMPER COMBI COURT 10Q 2.0HDi,GO,M 5,10.2,7.8,8.7,230,7,62.0,,,,,
CITROEN,JUMPER COMBI COURT 10Q 2.0HDi,GO,M 5,10.2,7.8,8.7,230,7,62.0,,,,,
CITROEN,JUMPER COMBI MOYEN 14Q 2.0HDi,GO,M 5,10.2,7.8,8.7,230,7,62.0,,,,,
CITROEN,JUMPER COMBI MOYEN 14Q 2.0HDi,GO,M 5,10.2,7.8,8.7,230,7,62.0,,,,,
PEUGEOT,BOXER COMBI COURT 10Q 2.0HDi,GO,M 5,10.2,7.8,8.7,230,7,62.0,,,,,
PEUGEOT,BOXER COMBI COURT 14Q 2.0HDi,GO,M 5,10.2,7.8,8.7,230,7,62.0,,,,,
PEUGEOT,BOXER COMBI MOYEN 10Q 2.0HDi,GO,M 5,10.2,7.8,8.7,230,7,62.0,,,,,
PEUGEOT,BOXER COMBI MOYEN 14Q 2.0HDi,GO,M 5,10.2,7.8,8.7,230,7,62.0,,,,,
VOLKSWAGEN,CARAVELLE COURTE TDI (102ch) BVA,GO,A 4,11.0,7.2,8.5,230,8,75.0,,,,,
VOLKSWAGEN,CARAVELLE COURTE TDI (102ch) BVA,GO,A 4,11.0,7.2,8.5,230,8,75.0,,,,,
VOLKSWAGEN,COMBI COURT TDI (102ch) BVA,GO,A 4,11.0,7.2,8.5,230,8,75.0,,,,,
VOLKSWAGEN,COMBI LONG SURLV TDI (88ch),GO,M 5,10.4,7.3,8.5,230,7,65.0,,,,,
VOLKSWAGEN,COMBI LONG SURLV TDI (88ch),GO,M 5,10.4,7.3,8.5,230,7,65.0,,,,,
VOLKSWAGEN,COMBI LONG TDI (102ch) BVA,GO,A 4,11.0,7.2,8.5,230,8,75.0,,,,,
OPEL,MOVANO COMBI 2.2DTI,GO,M 5,10.7,7.5,8.7,231,7,66.0,,,,,
OPEL,MOVANO COMBI 2.2DTI,GO,M 5,10.7,7.5,8.7,231,7,66.0,,,,,
OPEL,MOVANO COMBI 2.2DTI,GO,M 5,10.7,7.5,8.7,231,7,66.0,,,,,
BMW,330xd BERLINE BVA,GO,A 5,12.0,6.8,8.7,232,12,135.0,,,,,
BMW,730d BVA,GO,A 5,11.7,7.0,8.7,232,13,142.0,,,,,
OPEL,FRONTERA COURT 2.2DTI 16V,GO,M 5,11.1,7.1,8.6,232,8,85.0,,,,,
OPEL,OMEGA 2.5DTI 24V BVA,GO,A 5,11.9,6.7,8.6,232,10,110.0,,,,,
OPEL,OMEGA 2.5DTI 24V BVA,GO,A 5,11.9,6.7,8.6,232,10,110.0,,,,,
VOLKSWAGEN,LT28 COMBI 9PL EPT 3000 TDI (109ch),GO,M 5,10.9,7.2,8.6,232,8,80.0,,,,,
VOLKSWAGEN,PASSAT V6 TDI 4MOTION TIPTRONIC,GO,A 5,12.3,6.5,8.6,232,10,110.0,,,,,
VOLKSWAGEN,PASSAT V6 TDI 4MOTION TIPTRONIC,GO,A 5,12.3,6.5,8.6,232,10,110.0,,,,,
BMW,X53.0d,GO,M 5,11.1,7.3,8.7,233,12,135.0,,,,,
OPEL,FRONTERA LONG 2.2DTI 16V,GO,M 5,11.2,7.2,8.7,235,9,85.0,,,,,
OPEL,OMEGA BREAK 2.5DTI 24V BVA,GO,A 5,12.0,6.8,8.7,235,10,110.0,,,,,
OPEL,OMEGA BREAK 2.5DTI 24V BVA,GO,A 5,12.0,6.8,8.7,235,10,110.0,,,,,
VOLKSWAGEN,CARAVELLE COURTE TDI (102ch) BVA,GO,A 4,11.2,7.4,8.7,235,8,75.0,,,,,
VOLKSWAGEN,CARAVELLE COURTE TDI (102ch) BVA,GO,A 4,11.2,7.4,8.7,235,8,75.0,,,,,
VOLKSWAGEN,CARAVELLE COURTE TDI (102ch) BVA,GO,A 4,11.2,7.4,8.7,235,8,75.0,,,,,
VOLKSWAGEN,CARAVELLE COURTE TDI (102ch) BVA,GO,A 4,11.2,7.4,8.7,235,8,75.0,,,,,
VOLKSWAGEN,CARAVELLE LONGUE TDI (102ch) BVA,GO,A 4,11.2,7.4,8.7,235,8,75.0,,,,,
VOLKSWAGEN,CARAVELLE LONGUE TDI (102ch) BVA,GO,A 4,11.2,7.4,8.7,235,8,75.0,,,,,
VOLKSWAGEN,COMBI COURT TDI (102ch) BVA,GO,A 4,11.2,7.4,8.7,235,8,75.0,,,,,
VOLKSWAGEN,COMBI COURT TDI (102ch) BVA,GO,A 4,11.2,7.4,8.7,235,8,75.0,,,,,
VOLKSWAGEN,COMBI LONG TDI (102ch) BVA,GO,A 4,11.2,7.4,8.7,235,8,75.0,,,,,
VOLKSWAGEN,COMBI LONG TDI (102ch) BVA,GO,A 4,11.2,7.4,8.7,235,8,75.0,,,,,
VOLKSWAGEN,MULTIVAN TDI (102ch) BVA,GO,A 4,11.2,7.4,8.7,235,8,75.0,,,,,
VOLKSWAGEN,MULTIVAN TOIT RELEVABLE TDI (102ch) BVA,GO,A 4,11.2,7.4,8.7,235,8,75.0,,,,,
BMW,330xd TOURING BVA,GO,A 5,12.2,7.0,8.9,236,12,135.0,,,,,
OPEL,MOVANO COMBI 2.5DTI,GO,M 5,10.7,7.9,8.9,237,9,84.0,,,,,
OPEL,MOVANO COMBI 2.5DTI,GO,M 5,10.7,7.9,8.9,237,9,84.0,,,,,
OPEL,MOVANO COMBI 2.5DTI,GO,M 5,10.7,7.9,8.9,237,9,84.0,,,,,
HYUNDAI,SATELLITE 2.5L TD SVX Confort 7PL EURO III,GO,M 5,11.3,7.8,9.1,238,8,73.6,,,,,
VOLKSWAGEN,LT28 COMBI 9PL EPT 3000 TDI (109ch),GO,M 5,11.1,7.4,8.8,238,8,80.0,,,,,
VOLKSWAGEN,LT28 COMBI 9PL EPT 3550 TDI (109ch),GO,M 5,11.1,7.4,8.8,238,8,80.0,,,,,
VOLKSWAGEN,LT28 COMBI 9PL EPT 3550 TDI (109ch),GO,M 5,11.1,7.4,8.8,238,8,80.0,,,,,
VOLKSWAGEN,PASSAT V6 TDI 4MOTION TIPTRONIC,GO,A 5,12.5,6.6,8.8,238,10,110.0,,,,,
VOLKSWAGEN,PASSAT V6 TDI 4MOTION TIPTRONIC,GO,A 5,12.5,6.6,8.8,238,10,110.0,,,,,
HYUNDAI,SATELLITE 2.5L TD SVX Confort 9PL EURO III,GO,M 5,11.3,7.8,9.1,239,8,73.6,,,,,
AUDI,A62.5L (180ch) QUATTRO TIPTRONIC,GO,A 5,12.9,6.6,8.9,240,12,132.0,,,,,
AUDI,A62.5L (180ch) QUATTRO TIPTRONIC,GO,A 5,12.9,6.6,8.9,240,12,132.0,,,,,
AUDI,A62.5L (180ch) QUATTRO TIPTRONIC,GO,A 5,12.9,6.6,8.9,240,12,132.0,,,,,
AUDI,ALLROAD 2.5L (180ch) QUATTRO BV6,GO,M 6,12.3,7.0,8.9,240,12,132.0,,,,,
AUDI,ALLROAD 2.5L (180ch) QUATTRO BV6+B.T.,GO,M 6,12.3,7.0,8.9,240,12,132.0,,,,,
KIA,CARNIVAL BREAK 7PL D BVA,GO,A 4,12.4,7.2,9.1,240,9,93.0,,,,,
LAND ROVER,FREELANDER Td4 3P STEPTRONIC,GO,A 5,11.2,7.1,8.6,240,8,82.0,,,,,
LAND ROVER,FREELANDER Td4 5P STEPTRONIC,GO,A 5,11.2,7.1,8.6,240,8,82.0,,,,,
VOLKSWAGEN,COMBI LONG SURLV TDI (102ch) BVA,GO,A 4,11.1,7.8,8.9,240,8,75.0,,,,,
VOLKSWAGEN,LT28 COMBI 9PL EPT 3000 TDI (95ch),GO,M 5,11.5,7.6,8.9,240,8,70.0,,,,,
VOLKSWAGEN,MULTIVAN TDI (102ch) BVA,GO,A 4,11.4,7.6,8.9,240,8,75.0,,,,,
VOLKSWAGEN,MULTIVAN TOIT RELEVABLE TDI (102ch) BVA,GO,A 4,11.4,7.6,8.9,240,8,75.0,,,,,
VOLKSWAGEN,PASSAT V6 TDI 4MOTION TIPTRONIC,GO,A 5,12.6,6.7,8.9,240,10,110.0,,,,,
VOLKSWAGEN,PASSAT V6 TDI 4MOTION TIPTRONIC,GO,A 5,12.6,6.7,8.9,240,10,110.0,,,,,
AUDI,A62.5L (180ch) QUATTRO TIPTRONIC,GO,A 5,13.0,6.7,9.0,243,12,132.0,,,,,
AUDI,A62.5L (180ch) QUATTRO TIPTRONIC,GO,A 5,13.0,6.7,9.0,243,12,132.0,,,,,
AUDI,A6AVANT 2.5L (180ch) QUATTRO TIPTRONIC,GO,A 5,13.0,6.7,9.0,243,12,132.0,,,,,
AUDI,A6AVANT 2.5L (180ch) QUATTRO TIPTRONIC,GO,A 5,13.0,6.7,9.0,243,12,132.0,,,,,
AUDI,A6AVANT 2.5L (180ch) QUATTRO TIPTRONIC,GO,A 5,13.0,6.7,9.0,243,12,132.0,,,,,
AUDI,A82.5TDI (180ch) QUATTRO TIPTRONIC,GO,A 5,13.1,6.6,9.0,243,12,132.0,,,,,
AUDI,ALLROAD 2.5L (180ch) QUATTRO BV6,GO,M 6,12.4,7.1,9.0,243,12,132.0,,,,,
AUDI,ALLROAD 2.5L (180ch) QUATTRO BV6+B.T.,GO,M 6,12.4,7.1,9.0,243,12,132.0,,,,,
CARBODIES,TX1BVA,GO,A 4,10.9,8.2,9.2,243,8,65.1,,,,,
CARBODIES,TX1BVA,GO,A 4,10.9,8.2,9.2,243,8,65.1,,,,,
CARBODIES,TX1BVA,GO,A 4,10.9,8.2,9.2,243,8,65.1,,,,,
CARBODIES,TX1BVA,GO,A 4,10.9,8.2,9.2,243,8,65.1,,,,,
VOLKSWAGEN,PASSAT BREAK V6 TDI 4MOTION TIPTRONIC,GO,A 5,12.8,6.8,9.0,243,10,110.0,,,,,
VOLKSWAGEN,PASSAT BREAK V6 TDI 4MOTION TIPTRONIC,GO,A 5,12.8,6.8,9.0,243,10,110.0,,,,,
DAEWOO,MUSSO 2.3 SLTD,GO,M 5,11.3,7.7,9.0,245,8,74.0,,,,,
DAEWOO,MUSSO 2.9 SELTD,GO,M 5,12.0,7.6,9.2,245,9,88.0,,,,,
SSANGYONG,MUSSO 2.3 SLTD,GO,M 5,11.3,7.7,9.0,245,8,74.0,,,,,
SSANGYONG,MUSSO 2.9 SELTD,GO,M 5,12.0,7.6,9.2,245,9,88.0,,,,,
HYUNDAI,SANTA FE 2.0L CRDi 4WD GLS Luxe,GO,A 4,11.8,7.7,9.2,246,9,82.5,,,,,
VOLKSWAGEN,COMBI LONG SURLV TDI (102ch) BVA,GO,A 4,11.3,8.0,9.1,246,8,75.0,,,,,
VOLKSWAGEN,COMBI LONG SURLV TDI (102ch) BVA,GO,A 4,11.3,8.0,9.1,246,8,75.0,,,,,
VOLKSWAGEN,LT28 COMBI 9PL EPT 3000 TDI (83ch),GO,M 5,12.0,7.7,9.1,246,7,61.0,,,,,
VOLKSWAGEN,LT28 COMBI 9PL EPT 3000 TDI (95ch),GO,M 5,11.7,7.8,9.1,246,8,70.0,,,,,
VOLKSWAGEN,LT28 COMBI 9PL EPT 3550 TDI (95ch),GO,M 5,11.7,7.8,9.1,246,8,70.0,,,,,
VOLKSWAGEN,LT28 COMBI 9PL EPT 3550 TDI (95ch),GO,M 5,11.7,7.8,9.1,246,8,70.0,,,,,
VOLKSWAGEN,PASSAT BREAK V6 TDI 4MOTION TIPTRONIC,GO,A 5,12.9,6.9,9.1,246,11,110.0,,,,,
VOLKSWAGEN,PASSAT BREAK V6 TDI 4MOTION TIPTRONIC,GO,A 5,12.9,6.9,9.1,246,11,110.0,,,,,
MERCEDES-BENZ,ML270 CDI,GO,M 6,12.5,7.7,9.4,248,11,120.0,,,,,
VOLKSWAGEN,LT32 COMBI SURLV 9PL EPT 3550 TDI (109ch),GO,M 5,12.1,7.6,9.2,248,9,80.0,,,,,
VOLKSWAGEN,LT32 COMBI SURLV 9PL EPT 3550 TDI (109ch),GO,M 5,12.1,7.6,9.2,248,9,80.0,,,,,
VOLKSWAGEN,LT32 COMBI SURLV 9PL EPT 3550 TDI (95ch),GO,M 5,11.9,7.8,9.2,248,8,70.0,,,,,
VOLKSWAGEN,LT32 COMBI SURLV 9PL EPT 3550 TDI (95ch),GO,M 5,11.9,7.8,9.2,248,8,70.0,,,,,
KIA,SPORTAGE 5P D,GO,M 5,11.5,7.7,9.1,250,8,61.0,,,,,
MERCEDES-BENZ,ML270 CDI BVA,GO,A 5,12.4,8.0,9.5,250,11,120.0,,,,,
KIA,SPORTAGE 5P D BVA,GO,A 4,12.5,7.5,9.4,251,8,61.0,,,,,
MITSUBISHI,PAJERO COURT 3.2DI-D,GO,M 5,12.1,7.9,9.5,251,11,118.0,,,,,
MITSUBISHI,PAJERO LONG 3.2DI-D,GO,M 5,12.1,7.9,9.5,251,11,118.0,,,,,
VOLKSWAGEN,LT28 COMBI 9PL EPT 3000 TDI (83ch),GO,M 5,12.2,7.9,9.3,251,8,61.0,,,,,
VOLKSWAGEN,LT28 COMBI 9PL EPT 3550 TDI (83ch),GO,M 5,12.2,7.9,9.3,251,8,61.0,,,,,
VOLKSWAGEN,LT28 COMBI 9PL EPT 3550 TDI (83ch),GO,M 5,12.2,7.9,9.3,251,8,61.0,,,,,
VOLKSWAGEN,LT32 COMBI SURLV 9PL EPT 3550 TDI (83ch),GO,M 5,12.2,7.9,9.3,251,8,61.0,,,,,
VOLKSWAGEN,LT32 COMBI SURLV 9PL EPT 3550 TDI (83ch),GO,M 5,12.2,7.9,9.3,251,8,61.0,,,,,
CITROEN,JUMPER COMBI COURT 10Q 2.8HDi,GO,M 5,12.1,8.0,9.5,253,10,93.5,,,,,
CITROEN,JUMPER COMBI COURT 14Q 2.8HDi,GO,M 5,12.1,8.0,9.5,253,10,93.5,,,,,
MERCEDES-BENZ,S 400 CDI BERLINE BVA,GO,A 5,14.2,7.0,9.6,253,17,184.0,,,,,
MERCEDES-BENZ,S 400 CDI LIMOUSINE BVA,GO,A 5,14.2,7.0,9.6,253,17,184.0,,,,,
PEUGEOT,BOXER COMBI COURT 14Q 2.8HDi,GO,M 5,12.1,8.0,9.5,253,10,93.5,,,,,
TOYOTA,LAND CRUISER 3P 3.0TD4D,GO,M 5,11.7,8.2,9.5,253,11,120.0,,,,,
TOYOTA,LAND CRUISER 5P 3.0TD4D,GO,M 5,11.7,8.2,9.5,253,11,120.0,,,,,
TOYOTA,LAND CRUISER 5P 3.0TD4D 8PL,GO,M 5,11.7,8.2,9.5,253,11,120.0,,,,,
OPEL,FRONTERA COURT 2.2DTI 16V BVA,GO,A 4,12.2,7.8,9.4,254,9,85.0,,,,,
VOLKSWAGEN,LT32 COMBI SURLV 9PL EPT 3550 TDI (109ch),GO,M 5,12.3,7.8,9.4,254,9,80.0,,,,,
VOLKSWAGEN,LT32 COMBI SURLV 9PL EPT 3550 TDI (95ch),GO,M 5,12.1,8.0,9.4,254,8,70.0,,,,,
VOLKSWAGEN,LT35 COMBI SURLV 9PL EPT 4025 TDI (109ch),GO,M 5,12.3,7.8,9.4,254,9,80.0,,,,,
VOLKSWAGEN,LT35 COMBI SURLV 9PL EPT 4025 TDI (109ch),GO,M 5,12.3,7.8,9.4,254,9,80.0,,,,,
VOLKSWAGEN,LT35 COMBI SURLV 9PL EPT 4025 TDI (95ch),GO,M 5,12.1,8.0,9.4,254,8,70.0,,,,,
VOLKSWAGEN,LT35 COMBI SURLV 9PL EPT 4025 TDI (95ch),GO,M 5,12.1,8.0,9.4,254,8,70.0,,,,,
JEEP,CHEROKEE TD 3P,GO,M 5,11.7,7.3,9.0,255,9,85.0,,,,,
JEEP,CHEROKEE TD 5P,GO,M 5,11.7,7.3,9.0,255,9,85.0,,,,,
HYUNDAI,SATELLITE 2.5L TD SVX Confort 7PL,GO,M 5,12.3,8.0,9.6,256,8,73.0,,,,,
HYUNDAI,SATELLITE 2.5L TD SVX Confort 9PL,GO,M 5,12.3,8.0,9.6,256,8,73.0,,,,,
HYUNDAI,SATELLITE 2.5L TD HSV 4WD 7PL EURO III,GO,M 5,12.3,8.3,9.8,257,8,73.6,,,,,
OPEL,FRONTERA LONG 2.2DTI 16V BVA,GO,A 4,12.3,7.9,9.5,257,9,85.0,,,,,
VOLKSWAGEN,LT32 COMBI SURLV 9PL EPT 3550 TDI (83ch),GO,M 5,12.4,8.1,9.5,257,8,61.0,,,,,
VOLKSWAGEN,LT35 COMBI SURLV 9PL EPT 4025 TDI (83ch),GO,M 5,12.4,8.1,9.5,257,8,61.0,,,,,
VOLKSWAGEN,LT35 COMBI SURLV 9PL EPT 4025 TDI (83ch),GO,M 5,12.4,8.1,9.5,257,8,61.0,,,,,
AUDI,ALLROAD 2.5L (180ch) QUATTRO TIPTRONIC,GO,A 5,13.4,7.5,9.6,259,13,132.0,,,,,
BMW,X53.0d BVA,GO,A 5,12.3,8.2,9.7,259,13,135.0,,,,,
CITROEN,JUMPER COMBI COURT 10Q 2.8HDi,GO,M 5,12.4,8.2,9.8,259,10,93.5,,,,,
CITROEN,JUMPER COMBI MOYEN 14Q 2.8HDi,GO,M 5,12.4,8.2,9.8,259,10,93.5,,,,,
PEUGEOT,BOXER COMBI COURT 10Q 2.8HDi,GO,M 5,12.4,8.2,9.8,259,10,93.5,,,,,
PEUGEOT,BOXER COMBI MOYEN 14Q 2.8HDi,GO,M 5,12.4,8.2,9.8,259,10,93.5,,,,,
VOLKSWAGEN,COMBI COURT TDI (102ch) SYNCRO,GO,M 5,13.4,7.8,9.6,259,8,75.0,,,,,
VOLKSWAGEN,COMBI COURT TDI (102ch) SYNCRO,GO,M 5,13.2,7.8,9.6,259,8,75.0,,,,,
HYUNDAI,TERRACAN 2.9L CRDi Luxe,GO,A 4,12.6,8.2,9.8,260,11,110.0,,,,,
NISSAN,TERRANO COURT 2.7TDi,GO,M 5,11.8,8.6,9.8,260,10,92.0,,,,,
NISSAN,TERRANO COURT 2.7TDi,GO,M 5,11.8,8.6,9.8,260,10,92.0,,,,,
AUDI,ALLROAD 2.5L (180ch) QUATTRO TIPTRONIC,GO,A 5,13.0,7.6,9.7,262,13,132.0,,,,,
LAND ROVER,DISCOVERY SEVEN Td5,GO,M 5,11.5,8.2,9.4,262,10,101.5,,,,,
LAND ROVER,DISCOVERY Td5,GO,M 5,11.5,8.2,9.4,262,10,101.5,,,,,
LAND ROVER,DISCOVERY Td5 avec SLS,GO,M 5,11.5,8.2,9.4,262,10,101.5,,,,,
NISSAN,TERRANO LONG 2.7TDi,GO,M 5,11.9,8.7,9.9,263,10,92.0,,,,,
NISSAN,TERRANO LONG 2.7TDi,GO,M 5,11.9,8.7,9.9,263,10,92.0,,,,,
AUDI,A83.3TDI (225ch) QUATTRO TIPTRONIC,GO,A 5,13.9,7.4,9.8,264,16,165.0,,,,,
CITROEN,JUMPER COMBI COURT 10Q 2.8HDi 4X4,GO,M 5,12.7,8.4,10.0,265,10,93.5,,,,,
CITROEN,JUMPER COMBI COURT 14Q 2.8HDi 4X4,GO,M 5,12.7,8.4,10.0,265,10,93.5,,,,,
CITROEN,JUMPER COMBI MOYEN 14Q 2.8HDi,GO,M 5,12.7,8.4,10.0,265,10,93.5,,,,,
CITROEN,JUMPER COMBI MOYEN 14Q 2.8HDi,GO,M 5,12.7,8.4,10.0,265,10,93.5,,,,,
CITROEN,JUMPER COMBI MOYEN 14Q 2.8HDi 4X4,GO,M 5,12.7,8.4,10.0,265,10,93.5,,,,,
PEUGEOT,BOXER COMBI COURT 10Q 2.8HDi 4X4,GO,M 5,12.7,8.4,10.0,265,10,93.5,,,,,
PEUGEOT,BOXER COMBI COURT 14Q 2.8HDi 4X4,GO,M 5,12.7,8.4,10.0,265,10,93.5,,,,,
PEUGEOT,BOXER COMBI MOYEN 14Q 2.8HDi,GO,M 5,12.7,8.4,10.0,265,10,93.5,,,,,
PEUGEOT,BOXER COMBI MOYEN 14Q 2.8HDi,GO,M 5,12.7,8.4,10.0,265,10,93.5,,,,,
PEUGEOT,BOXER COMBI MOYEN 14Q 2.8HDi 4X4,GO,M 5,12.7,8.4,10.0,265,10,93.5,,,,,
VOLKSWAGEN,CARAVELLE COURTE TDI (102ch) SYNCRO,GO,M 5,13.6,8.0,9.8,265,9,75.0,,,,,
VOLKSWAGEN,CARAVELLE COURTE TDI (102ch) SYNCRO,GO,M 5,13.6,8.0,9.8,265,9,75.0,,,,,
VOLKSWAGEN,CARAVELLE COURTE TDI (102ch) SYNCRO,GO,M 5,13.4,8.0,9.8,265,9,75.0,,,,,
VOLKSWAGEN,CARAVELLE COURTE TDI (102ch) SYNCRO,GO,M 5,13.4,8.0,9.8,265,9,75.0,,,,,
VOLKSWAGEN,CARAVELLE LONGUE TDI (102ch) SYNCRO,GO,M 5,13.6,8.0,9.8,265,9,75.0,,,,,
VOLKSWAGEN,CARAVELLE LONGUE TDI (102ch) SYNCRO,GO,M 5,13.6,8.0,9.8,265,9,75.0,,,,,
VOLKSWAGEN,CARAVELLE LONGUE TDI (102ch) SYNCRO,GO,M 5,13.4,8.0,9.8,265,9,75.0,,,,,
VOLKSWAGEN,CARAVELLE LONGUE TDI (102ch) SYNCRO,GO,M 5,13.4,8.0,9.8,265,9,75.0,,,,,
VOLKSWAGEN,COMBI COURT TDI (102ch) SYNCRO,GO,M 5,13.6,8.0,9.8,265,9,75.0,,,,,
VOLKSWAGEN,COMBI COURT TDI (102ch) SYNCRO,GO,M 5,13.6,8.0,9.8,265,9,75.0,,,,,
VOLKSWAGEN,COMBI COURT TDI (102ch) SYNCRO,GO,M 5,13.4,8.0,9.8,265,9,75.0,,,,,
VOLKSWAGEN,COMBI COURT TDI (102ch) SYNCRO,GO,M 5,13.4,8.0,9.8,265,9,75.0,,,,,
VOLKSWAGEN,COMBI LONG TDI (102ch) SYNCRO,GO,M 5,13.6,8.0,9.8,265,9,75.0,,,,,
VOLKSWAGEN,COMBI LONG TDI (102ch) SYNCRO,GO,M 5,13.6,8.0,9.8,265,9,75.0,,,,,
VOLKSWAGEN,COMBI LONG TDI (102ch) SYNCRO,GO,M 5,13.4,8.0,9.8,265,9,75.0,,,,,
VOLKSWAGEN,COMBI LONG TDI (102ch) SYNCRO,GO,M 5,13.4,8.0,9.8,265,9,75.0,,,,,
VOLKSWAGEN,MULTIVAN TDI (102ch) SYNCRO,GO,M 5,13.6,8.0,9.8,265,9,75.0,,,,,
VOLKSWAGEN,MULTIVAN TDI (102ch) SYNCRO,GO,M 5,13.4,8.0,9.8,265,9,75.0,,,,,
DAEWOO,KORANDO 2.9 SELTD,GO,M 5,12.8,8.0,9.8,266,9,88.0,,,,,
DAEWOO,KORANDO 2.9 SELTD,GO,M 5,12.8,8.0,9.8,266,9,88.0,,,,,
DAEWOO,KORANDO 2.9 SELTD,GO,M 5,12.8,8.0,9.8,266,9,88.0,,,,,
SSANGYONG,KORANDO 2.9 SELTD,GO,M 5,12.8,8.0,9.8,266,9,88.0,,,,,
SSANGYONG,KORANDO 2.9 SELTD CAB,GO,M 5,12.8,8.0,9.8,266,9,88.0,,,,,
SSANGYONG,KORANDO 2.9 SELTD CAB,GO,M 5,12.8,8.0,9.8,266,9,88.0,,,,,
OPEL,MOVANO COMBI 2.8DTI,GO,M 5,12.7,8.6,10.1,268,9,84.0,,,,,
VOLKSWAGEN,CARAVELLE LONGUE TDI (102ch) SYNCRO,GO,M 5,13.8,8.2,10.0,270,9,75.0,,,,,
VOLKSWAGEN,CARAVELLE LONGUE TDI (102ch) SYNCRO,GO,M 5,13.6,8.2,10.0,270,9,75.0,,,,,
VOLKSWAGEN,COMBI LONG SURLV TDI (102ch) SYNCRO,GO,M 5,13.7,8.3,10.0,270,9,75.0,,,,,
VOLKSWAGEN,COMBI LONG SURLV TDI (102ch) SYNCRO,GO,M 5,13.7,8.3,10.0,270,9,75.0,,,,,
VOLKSWAGEN,COMBI LONG SURLV TDI (102ch) SYNCRO,GO,M 5,13.9,8.3,10.0,270,9,75.0,,,,,
VOLKSWAGEN,COMBI LONG SURLV TDI (102ch) SYNCRO,GO,M 5,13.9,8.3,10.0,270,9,75.0,,,,,
VOLKSWAGEN,COMBI LONG TDI (102ch) SYNCRO,GO,M 5,13.8,8.2,10.0,270,9,75.0,,,,,
VOLKSWAGEN,COMBI LONG TDI (102ch) SYNCRO,GO,M 5,13.6,8.2,10.0,270,9,75.0,,,,,
VOLKSWAGEN,MULTIVAN TDI (102ch) SYNCRO,GO,M 5,13.8,8.2,10.0,270,9,75.0,,,,,
VOLKSWAGEN,MULTIVAN TDI (102ch) SYNCRO,GO,M 5,13.8,8.2,10.0,270,9,75.0,,,,,
VOLKSWAGEN,MULTIVAN TDI (102ch) SYNCRO,GO,M 5,13.6,8.2,10.0,270,9,75.0,,,,,
VOLKSWAGEN,MULTIVAN TDI (102ch) SYNCRO,GO,M 5,13.6,8.2,10.0,270,9,75.0,,,,,
VOLKSWAGEN,MULTIVAN TOIT RELEVABLE TDI (102ch) SYNCRO,GO,M 5,13.6,8.2,10.0,270,9,75.0,,,,,
VOLKSWAGEN,MULTIVAN TOIT RELEVABLE TDI (102ch) SYNCRO,GO,M 5,13.6,8.2,10.0,270,9,75.0,,,,,
VOLKSWAGEN,MULTIVAN TOIT RELEVABLE TDI (102ch) SYNCRO,GO,M 5,13.8,8.2,10.0,270,9,75.0,,,,,
VOLKSWAGEN,MULTIVAN TOIT RELEVABLE TDI (102ch) SYNCRO,GO,M 5,13.8,8.2,10.0,270,9,75.0,,,,,
HYUNDAI,TERRACAN 2.5L TD Intercooler GL,GO,M 5,13.1,8.7,10.3,274,9,73.6,,,,,
SSANGYONG,MUSSO 2.3 SLTD BVA,GO,A 4,12.1,8.9,10.0,274,9,74.0,,,,,
MITSUBISHI,MONTERO COURT 2.5TD,GO,M 5,12.8,9.0,10.4,275,9,85.0,,,,,
VOLKSWAGEN,COMBI LONG SURLV TDI (102ch) SYNCRO,GO,M 5,13.9,8.5,10.2,275,9,75.0,,,,,
VOLKSWAGEN,COMBI LONG SURLV TDI (102ch) SYNCRO,GO,M 5,14.1,8.5,10.2,275,9,75.0,,,,,
ISUZU,TROOPER Aventure ou Duty 2P,GO,M 5,13.6,8.7,10.5,278,12,117.0,,,,,
ISUZU,TROOPER Aventure ou Duty 4P,GO,M 5,13.6,8.7,10.5,278,12,117.0,,,,,
ISUZU,TROOPER Aventure ou Duty 4P 7PL,GO,M 5,13.6,8.7,10.5,278,12,117.0,,,,,
ISUZU,TROOPER Citation 2P,GO,M 5,13.6,8.7,10.5,278,12,117.0,,,,,
ISUZU,TROOPER Citation 4P 5PL,GO,M 5,13.6,8.7,10.5,278,12,117.0,,,,,
ISUZU,TROOPER Citation 4P 7PL,GO,M 5,13.6,8.7,10.5,278,12,117.0,,,,,
MITSUBISHI,PAJERO COURT 3.2DI-D BVA,GO,A 5,13.3,8.8,10.5,278,12,118.0,,,,,
MITSUBISHI,PAJERO COURT 3.2DI-D BVA EXCEED,GO,A 5,13.3,8.8,10.5,278,12,118.0,,,,,
MITSUBISHI,PAJERO LONG 3.2DI-D BVA,GO,A 5,13.3,8.8,10.5,278,12,118.0,,,,,
MITSUBISHI,PAJERO LONG 3.2DI-D BVA EXCEED,GO,A 5,13.3,8.8,10.5,278,12,118.0,,,,,
MITSUBISHI,PAJERO SPORT 2.5TD,GO,M 5,13.1,9.0,10.5,278,10,85.0,,,,,
NISSAN,TERRANO COURT 2.7TDi BVA,GO,A 4,12.9,9.2,10.6,279,10,92.0,,,,,
TOYOTA,LAND CRUISER 3P 3.0TD4D BVA,GO,A 4,12.8,9.0,10.4,279,12,120.0,,,,,
TOYOTA,LAND CRUISER 5P 3.0TD4D 8PL BVA,GO,A 4,12.8,9.0,10.4,279,12,120.0,,,,,
TOYOTA,LAND CRUISER 5P 3.0TD4D BVA,GO,A 4,12.8,9.0,10.4,279,12,120.0,,,,,
MITSUBISHI,MONTERO LONG 2.5TD,GO,M 5,13.0,9.2,10.6,281,10,85.0,,,,,
MITSUBISHI,PAJERO COURT 2.5TD,GO,M 5,13.3,9.1,10.6,281,10,85.0,,,,,
LAND ROVER,DEFENDER 90 STATION WAGON 6PL,GO,M 5,12.1,9.0,10.1,282,10,90.0,,,,,
LAND ROVER,DEFENDER 90 STATION WAGON 7PL,GO,M 5,12.1,9.0,10.1,282,10,90.0,,,,,
NISSAN,TERRANO LONG 2.7TDi BVA,GO,A 4,13.1,9.3,10.7,283,10,92.0,,,,,
LAND ROVER,DISCOVERY SEVEN Td5 BVA,GO,A 4,12.7,9.0,10.3,284,11,101.5,,,,,
LAND ROVER,DISCOVERY Td5 BVA,GO,A 4,12.7,9.0,10.3,284,11,101.5,,,,,
LAND ROVER,DISCOVERY Td5 BVA avec SLS,GO,A 4,12.7,9.0,10.3,284,11,101.5,,,,,
MERCEDES-BENZ,G 290 TD BREAK COURT BVA,GO,A 4,12.0,10.0,10.7,284,10,88.0,,,,,
MERCEDES-BENZ,G 290 TD BREAK LONG 7PL BVA,GO,A 4,12.0,10.0,10.7,284,10,88.0,,,,,
MERCEDES-BENZ,G 290 TD BREAK LONG BVA,GO,A 4,12.0,10.0,10.7,284,10,88.0,,,,,
TOYOTA,HIACE 2.4TD 9PL,GO,M 5,13.4,9.2,10.7,284,9,66.0,,,,,
MITSUBISHI,PAJERO LONG 2.5TD,GO,M 5,13.4,9.2,10.8,285,10,85.0,,,,,
ISUZU,TROOPER Aventure ou Duty 2P,GO,M 5,14.0,9.0,10.9,287,12,117.0,,,,,
ISUZU,TROOPER Aventure ou Duty 4P,GO,M 5,14.0,9.0,10.9,287,12,117.0,,,,,
ISUZU,TROOPER Aventure ou Duty 4P 7PL,GO,M 5,14.0,9.0,10.9,287,12,117.0,,,,,
ISUZU,TROOPER Citation 2P,GO,M 5,14.0,9.0,10.9,287,12,117.0,,,,,
ISUZU,TROOPER Citation 4P 5PL,GO,M 5,14.0,9.0,10.9,287,12,117.0,,,,,
ISUZU,TROOPER Citation 4P 7PL,GO,M 5,14.0,9.0,10.9,287,12,117.0,,,,,
NISSAN,PATROL COURT 3.0L Di BVA,GO,A 4,13.9,9.0,10.8,287,12,116.0,,,,,
NISSAN,PATROL COURT 3.0L Di BVA,GO,A 4,13.9,9.0,10.8,287,12,116.0,,,,,
NISSAN,PATROL LONG 3.0L Di BVA,GO,A 4,13.9,9.0,10.8,287,12,116.0,,,,,
NISSAN,PATROL LONG 3.0L Di BVA,GO,A 4,13.9,9.0,10.8,287,12,116.0,,,,,
OPEL,MOVANO COMBI 2.8DTI,GO,M 5,13.8,9.1,10.8,287,10,84.0,,,,,
OPEL,MOVANO COMBI 2.8DTI,GO,M 5,13.8,9.1,10.8,287,10,84.0,,,,,
HYUNDAI,GALLOPER 3P 2.5L TD Intercooler GL,GO,M 5,13.6,9.3,10.9,288,9,73.4,,,,,
HYUNDAI,GALLOPER 3P 2.5L TD Intercooler GLX,GO,M 5,13.6,9.3,10.9,288,9,73.4,,,,,
HYUNDAI,GALLOPER 5P 2.5L TD Intercooler GL,GO,M 5,13.6,9.3,10.9,288,9,73.4,,,,,
HYUNDAI,GALLOPER 5P 2.5L TD Intercooler GLX,GO,M 5,13.6,9.3,10.9,288,9,73.4,,,,,
NISSAN,PATROL COURT 3.0L Di,GO,M 5,14.3,8.8,10.8,288,12,116.0,,,,,
NISSAN,PATROL COURT 3.0L Di,GO,M 5,14.3,8.8,10.8,288,12,116.0,,,,,
NISSAN,PATROL LONG 3.0L Di,GO,M 5,14.3,8.8,10.8,288,12,116.0,,,,,
NISSAN,PATROL LONG 3.0L Di,GO,M 5,14.3,8.8,10.8,288,12,116.0,,,,,
ISUZU,TROOPER Citation 2P BVA,GO,A 4,14.0,9.1,10.9,289,12,117.0,,,,,
ISUZU,TROOPER Citation 4P 7PL BVA,GO,A 4,14.0,9.1,10.9,289,12,117.0,,,,,
ISUZU,TROOPER Citation 4P BVA,GO,A 4,14.0,9.1,10.9,289,12,117.0,,,,,
ISUZU,TROOPER Duty 2P BVA,GO,A 4,14.0,9.1,10.9,289,12,117.0,,,,,
ISUZU,TROOPER Duty 4P 7PL BVA,GO,A 4,14.0,9.1,10.9,289,12,117.0,,,,,
ISUZU,TROOPER Duty 4P BVA,GO,A 4,14.0,9.1,10.9,289,12,117.0,,,,,
LAND ROVER,RANGE ROVER 2.5L,GO,M 5,13.4,8.9,10.6,289,11,100.0,,,,,
DAEWOO,MUSSO 2.9 SELTD BVA,GO,A 4,14.2,9.1,11.0,290,10,88.0,,,,,
SSANGYONG,MUSSO 2.9 SELTD BVA,GO,A 4,14.2,9.1,11.0,290,10,88.0,,,,,
TOYOTA,LAND CRUISER SW 4.2TD,GO,M 5,14.0,9.4,11.1,292,15,150.0,,,,,
TOYOTA,LAND CRUISER SW 4.2TD 7PL,GO,M 5,14.0,9.4,11.1,292,15,150.0,,,,,
LAND ROVER,DEFENDER 110 STATION WAGON 9PL,GO,M 5,12.7,9.7,10.8,299,10,90.0,,,,,
LAND ROVER,RANGE ROVER 2.5L BVA,GO,A 4,14.5,9.6,11.4,304,11,100.0,,,,,
JEEP,GRAND CHEROKEE 3.1L TD,GO,A 4,14.9,9.7,11.7,308,11,103.0,,,,,
NISSAN,PATROL BAROUD,GO,M 5,13.8,10.4,11.7,310,10,73.5,,,,,
TOYOTA,LAND CRUISER SW 4.2TD 7PL BVA,GO,A 4,15.8,10.8,12.6,340,16,150.0,,,,,
TOYOTA,LAND CRUISER SW 4.2TD BVA,GO,A 4,15.8,10.8,12.6,340,16,150.0,,,,,
MERCEDES-BENZ,G 400 CDI BREAK COURT BVA,GO,A 5,16.1,11.0,12.8,343,19,184.0,,,,,
MERCEDES-BENZ,G 400 CDI BREAK LONG BVA,GO,A 5,16.1,11.0,12.8,343,19,184.0,,,,,
MERCEDES-BENZ,G 400 CDI CABRIOLET BVA,GO,A 5,16.1,11.0,12.8,343,19,184.0,,,,,
